tau_us,P_x
0.1999918619791666,1.0
0.205078125,1.0
0.2101643880208333,1.0
0.2152506510416666,0.9764060703521967
0.2203369140625,0.979151355793228
0.2254231770833333,0.9752604990975071
0.2305094401041666,1.0
0.235595703125,1.0
0.2406819661458333,0.9752485170136763
0.2457682291666666,1.0
0.2508544921875,1.0
0.2559407552083333,0.9694588445521738
0.2610270182291667,0.9923277042896027
0.26611328125,1.0
0.2711995442708333,1.0
0.2762858072916667,0.9452493541987799
0.2813720703125,1.0
0.2864583333333333,1.0
0.2915445963541667,0.9821435577221265
0.296630859375,1.0
0.3017171223958333,1.0
0.3068033854166667,0.9695927511026227
0.3118896484375,1.0
0.3169759114583333,1.0
0.3220621744791667,1.0
0.3271484375,0.9423389465660872
0.3322347005208333,0.9588170827665601
0.3373209635416667,1.0
0.3424072265625,1.0
0.3474934895833333,1.0
0.3525797526041667,0.9948484767157176
0.357666015625,1.0
0.3627522786458333,0.9261826061739354
0.3678385416666667,0.9616078646373373
0.3729248046875,1.0
0.3780110677083333,1.0
0.3830973307291667,0.9337146051505048
0.38818359375,0.9284051400841731
0.3932698567708333,0.9938828738547659
0.3983561197916667,1.0
0.4034423828125,1.0
0.4085286458333333,1.0
0.4136149088541667,1.0
0.418701171875,0.973567394237248
0.4237874348958333,0.9410148639559961
0.4288736979166667,0.978713426496132
0.4339599609375,1.0
0.4390462239583333,1.0
0.4441324869791667,1.0
0.44921875,0.983474554278931
0.4543050130208333,1.0
0.4593912760416667,0.9844516001712362
0.4644775390625,1.0
0.4695638020833333,1.0
0.4746500651041667,1.0
0.479736328125,0.9775350600150841
0.4848225911458333,1.0
0.4899088541666667,0.9594579199499311
0.4949951171875,0.8933287337267002
0.5000813802083334,0.9549561038665564
0.5051676432291667,0.9803455656189084
0.51025390625,0.9931743446670263
0.5153401692708334,0.8768125910337389
0.5204264322916667,0.8897425438892127
0.5255126953125,0.916270495673085
0.5305989583333334,0.8768255216724012
0.5356852213541667,0.7927992949235814
0.540771484375,0.8226780949921415
0.5458577473958334,0.7353926543717229
0.5509440104166667,0.731640222240797
0.5560302734375,0.6962830895178036
0.5611165364583334,0.5900062239210118
0.5662027994791667,0.4436416289255845
0.5712890625,0.485392303995794
0.5763753255208334,0.5203306955261999
0.5814615885416667,0.4913637118353884
0.5865478515625,0.5340043331405762
0.5916341145833334,0.5902527409717361
0.5967203776041667,0.5742335853294278
0.601806640625,0.5498508107093207
0.6068929036458334,0.5958566523917732
0.6119791666666667,0.560549127074161
0.6170654296875,0.5692379259088401
0.6221516927083334,0.5582285305487169
0.6272379557291667,0.516592712650274
0.63232421875,0.5664660784842606
0.6374104817708334,0.5806989578334716
0.6424967447916667,0.6364294660064279
0.6475830078125,0.6067584079145285
0.6526692708333334,0.6251825600004204
0.6577555338541667,0.6695988558424775
0.662841796875,0.7416377785397285
0.6679280598958334,0.9142081243479111
0.6730143229166667,0.8650749473324882
0.6781005859375,0.9436990773389223
0.6831868489583334,0.9091389761126196
0.6882731119791667,0.8692810693855032
0.693359375,0.9088732479538301
0.6984456380208334,0.8131081733352982
0.7035319010416667,0.9011179215036573
0.7086181640625,1.0
0.7137044270833334,0.9215648223526859
0.7187906901041667,0.8730932043060822
0.723876953125,0.9746699872560044
0.7289632161458334,0.8422740755514798
0.7340494791666667,1.0
0.7391357421875,0.9006757586965917
0.7442220052083334,0.9189307723238905
0.7493082682291667,0.9279739472410934
0.75439453125,0.9432611051920878
0.7594807942708334,0.9962775151575204
0.7645670572916667,0.9616273864437468
0.7696533203125,0.8791427629779658
0.7747395833333334,1.0
0.7798258463541667,0.9253579107954215
0.784912109375,0.9138224695963284
0.7899983723958334,0.9367156434797651
0.7950846354166667,0.9431086938000253
0.8001708984375,0.9229403966117059
0.8052571614583334,1.0
0.8103434244791667,0.8918797006181252
0.8154296875,0.9822886976263447
0.8205159505208334,0.911282182167058
0.8256022135416667,0.8830064892260547
0.8306884765625,1.0
0.8357747395833334,0.9667246921125547
0.8408610026041667,0.9502513966360131
0.845947265625,1.0
0.8510335286458334,0.9314033709331271
0.8561197916666667,1.0
0.8612060546875,0.964255194161007
0.8662923177083334,0.9512172796849148
0.8713785807291667,1.0
0.87646484375,0.9670914746359728
0.8815511067708334,0.9842353296823005
0.8866373697916667,1.0
0.8917236328125,0.9666330836020591
0.8968098958333334,0.90443832265631
0.9018961588541669,0.970015987527282
0.906982421875,0.9652421626171285
0.9120686848958334,0.9473074271065693
0.9171549479166669,0.9811185349318206
0.9222412109375,0.9551943190627573
0.9273274739583334,1.0
0.9324137369791669,0.9307681482248447
0.9375,1.0
0.9425862630208334,0.9669330610850755
0.9476725260416669,0.9363168428570581
0.9527587890625,0.9773879403699651
0.9578450520833334,1.0
0.9629313151041669,0.962963487753289
0.968017578125,0.9569844233297293
0.9731038411458334,0.9897523747712613
0.9781901041666669,1.0
0.9832763671875,1.0
0.9883626302083334,0.9377286968843224
0.9934488932291669,0.9539220637625093
0.99853515625,0.9390636970182097
1.0036214192708337,1.0
1.0087076822916667,0.9483690598084028
1.0137939453125,1.0
1.0188802083333337,1.0
1.0239664713541667,0.9026889945750727
1.029052734375,0.9976530912634892
1.0341389973958337,1.0
1.0392252604166667,0.9533436986298833
1.0443115234375,0.9915670551903486
1.0493977864583337,1.0
1.0544840494791667,1.0
1.0595703125,1.0
1.0646565755208337,1.0
1.0697428385416667,1.0
1.0748291015625,0.9522452654360839
1.0799153645833337,0.9846359216052125
1.0850016276041667,0.971112323295329
1.090087890625,0.949952991317412
1.0951741536458337,1.0
1.1002604166666667,1.0
1.1053466796875,1.0
1.1104329427083337,0.9714029513658755
1.1155192057291667,1.0
1.12060546875,0.9670548260758167
1.1256917317708337,1.0
1.1307779947916667,0.9306657378651262
1.1358642578125,1.0
1.1409505208333337,1.0
1.1460367838541667,0.9884745136953055
1.151123046875,1.0
1.1562093098958337,0.9362867486626828
1.1612955729166667,0.9150586972587326
1.1663818359375,1.0
1.1714680989583337,1.0
1.1765543619791667,1.0
1.181640625,1.0
1.1867268880208337,1.0
1.1918131510416667,1.0
1.1968994140625,0.9956684878452717
1.2019856770833337,0.9933127846167777
1.2070719401041667,0.9675279867709895
1.212158203125,0.9721424971352952
1.2172444661458337,1.0
1.2223307291666667,1.0
1.2274169921875,0.947892011448198
1.2325032552083337,0.9871480507837421
1.2375895182291667,1.0
1.24267578125,1.0
1.2477620442708337,1.0
1.2528483072916667,1.0
1.2579345703125,0.9276648015289655
1.2630208333333337,0.998065125772641
1.2681070963541667,0.9731364337590332
1.273193359375,0.9673498875905246
1.2782796223958337,0.9399671202223507
1.2833658854166667,0.8982275971083348
1.2884521484375,0.982772380120194
1.2935384114583337,0.9329152806192808
1.2986246744791667,0.9705337255107183
1.3037109375,0.9606931371529197
1.3087972005208337,1.0
1.3138834635416667,0.9989105998410889
1.3189697265625,0.9954329789686193
1.3240559895833337,1.0
1.3291422526041667,0.9231405841913698
1.334228515625,1.0
1.3393147786458337,1.0
1.3444010416666667,1.0
1.3494873046875,0.9292014667886372
1.3545735677083337,1.0
1.3596598307291667,0.9977656534377787
1.36474609375,0.9317371385926871
1.3698323567708337,1.0
1.3749186197916667,0.9996496921978637
1.3800048828125,0.9452023335399186
1.3850911458333337,1.0
1.3901774088541667,1.0
1.395263671875,1.0
1.4003499348958337,1.0
1.4054361979166667,1.0
1.4105224609375,1.0
1.4156087239583337,0.9961933421508
1.4206949869791667,0.9630911182724823
1.42578125,0.9068440069519644
1.4308675130208337,0.9936953389957056
1.4359537760416667,1.0
1.4410400390625,0.9812208142144024
1.4461263020833337,0.9224077096095874
1.4512125651041667,0.9869888780579452
1.456298828125,0.9439504137493979
1.4613850911458337,0.9544737349748721
1.4664713541666667,0.9566403855461264
1.4715576171875,0.9598543038040612
1.4766438802083337,1.0
1.4817301432291667,0.9687609000821739
1.48681640625,0.941014464683035
1.4919026692708337,0.9596492311472309
1.4969889322916667,0.9853000378187782
1.5020751953125,1.0
1.5071614583333337,0.991841605399517
1.5122477213541667,0.9619700811624675
1.517333984375,0.9392615892901861
1.5224202473958337,0.8735603696904553
1.5275065104166667,0.985331637752192
1.5325927734375,1.0
1.5376790364583337,1.0
1.5427652994791667,1.0
1.5478515625,0.9880295649057229
1.5529378255208337,0.9502738957301167
1.5580240885416667,1.0
1.5631103515625,0.9767366651039194
1.5681966145833337,1.0
1.5732828776041667,0.9642561107340194
1.578369140625,1.0
1.5834554036458337,0.9903963323291907
1.5885416666666667,1.0
1.5936279296875,0.934489206087616
1.5987141927083337,0.9674702759267472
1.6038004557291667,1.0
1.60888671875,0.9665286733841216
1.6139729817708337,0.8939179346274376
1.6190592447916667,1.0
1.6241455078125,0.9625114388921009
1.6292317708333337,0.9545166933576668
1.6343180338541667,0.866602670368774
1.639404296875,0.9670384724089305
1.6444905598958337,1.0
1.6495768229166667,0.9231679260264956
1.6546630859375,0.9076592254546183
1.6597493489583337,0.9818971353278925
1.6648356119791667,0.9004970199695416
1.669921875,1.0
1.6750081380208337,0.9625631354931224
1.6800944010416667,0.9343900376209611
1.6851806640625,0.9059582156291707
1.6902669270833337,0.961783722892218
1.6953531901041667,0.9878280748817805
1.700439453125,0.8400553396432205
1.7055257161458337,0.9840532461360747
1.7106119791666667,0.9229470972149191
1.7156982421875,0.876802916365141
1.7207845052083337,0.9081662501463339
1.7258707682291667,0.8793866542441063
1.73095703125,0.9669168677171822
1.7360432942708337,0.9032933652441697
1.7411295572916667,0.9033561546639488
1.7462158203125,0.9092282168390813
1.7513020833333337,0.7684809936368173
1.7563883463541667,0.7109456956136849
1.761474609375,0.5682307322192797
1.7665608723958337,0.4033536317491427
1.7716471354166667,0.3541019621717102
1.7767333984375,0.35666490466815803
1.7818196614583337,0.4831445566577733
1.7869059244791667,0.5695736758781672
1.7919921875,0.67397450943872
1.7970784505208337,0.6236330742249865
1.8021647135416667,0.5729120835045826
1.8072509765625,0.5899434516766783
1.8123372395833337,0.41920075454825056
1.8174235026041667,0.5604088916687263
1.822509765625,0.6475403645559027
1.8275960286458337,0.5963708116887628
1.8326822916666667,0.5568873940088759
1.8377685546875,0.6060044420364777
1.8428548177083337,0.514857987282472
1.8479410807291667,0.6264956629912801
1.85302734375,0.5507496583426671
1.8581136067708337,0.5744616024216982
1.8631998697916667,0.620870219280746
1.8682861328125,0.5749122193113695
1.8733723958333337,0.6102744824520777
1.8784586588541667,0.5718034580476625
1.883544921875,0.5637434916085808
1.8886311848958337,0.563708889056966
1.8937174479166667,0.5529212235833766
1.8988037109375,0.5702264790660183
1.9038899739583337,0.6701892019171105
1.9089762369791667,0.6188811870022801
1.9140625,0.7184066899672458
1.9191487630208337,0.7090385269691296
1.9242350260416667,0.7199154157373345
1.9293212890625,0.6353138234281276
1.9344075520833337,0.6349396463097774
1.9394938151041667,0.4988931194441642
1.944580078125,0.5531919033293686
1.9496663411458337,0.5768052343730311
1.9547526041666667,0.6132459781407392
1.9598388671875,0.7789420259480064
1.9649251302083337,0.8635614335194394
1.9700113932291667,0.8749653602828209
1.97509765625,0.8904672878839711
1.9801839192708337,0.9522377290818039
1.9852701822916667,0.9995469085200728
1.9903564453125,1.0
1.9954427083333337,1.0
2.000528971354167,1.0
2.005615234375,0.9372181301787381
2.0107014973958335,1.0
2.015787760416667,1.0
2.0208740234375,1.0
2.0259602864583335,1.0
2.031046549479167,0.9101504852046453
2.0361328125,0.9722125797520973
2.0412190755208335,0.9327998488746869
2.046305338541667,1.0
2.0513916015625,1.0
2.0564778645833335,0.9906475923502115
2.061564127604167,1.0
2.066650390625,1.0
2.0717366536458335,0.9397719815260029
2.076822916666667,1.0
2.0819091796875,0.9910511559844934
2.0869954427083335,0.9840085518595838
2.092081705729167,1.0
2.09716796875,1.0
2.1022542317708335,1.0
2.107340494791667,1.0
2.1124267578125,0.970611777958234
2.1175130208333335,1.0
2.122599283854167,1.0
2.127685546875,1.0
2.1327718098958335,1.0
2.137858072916667,0.9656810065983715
2.1429443359375,0.9413301409628945
2.1480305989583335,0.9271032587756147
2.153116861979167,1.0
2.158203125,0.9818830340101781
2.1632893880208335,0.9601452678880332
2.168375651041667,1.0
2.1734619140625,0.9538941978646711
2.1785481770833335,0.9429514510801952
2.183634440104167,1.0
2.188720703125,1.0
2.1938069661458335,0.8919502917522996
2.198893229166667,1.0
2.2039794921875,0.9177025271862775
2.2090657552083335,0.976814855923049
2.214152018229167,0.9083274708504475
2.21923828125,1.0
2.2243245442708335,1.0
2.229410807291667,0.9779261293131808
2.2344970703125,0.9654429934501398
2.2395833333333335,1.0
2.244669596354167,1.0
2.249755859375,0.9706727639756282
2.2548421223958335,0.9659783469219925
2.259928385416667,0.9852537534241427
2.2650146484375,0.943170648325262
2.2701009114583335,0.9549609279230431
2.275187174479167,0.9307551727747393
2.2802734375,0.9800922821306963
2.2853597005208335,1.0
2.290445963541667,1.0
2.2955322265625,1.0
2.3006184895833335,0.9942752760178011
2.305704752604167,0.9347042545769279
2.310791015625,0.9987170087107731
2.3158772786458335,0.9612459371775502
2.320963541666667,0.9755655747586109
2.3260498046875,0.9277299720166152
2.3311360677083335,1.0
2.336222330729167,0.9675771247805153
2.34130859375,0.9718736440522222
2.3463948567708335,0.965980134851959
2.351481119791667,1.0
2.3565673828125,1.0
2.3616536458333335,0.9856324460754069
2.366739908854167,0.9520612613665547
2.371826171875,1.0
2.3769124348958335,0.9563046257909245
2.381998697916667,0.9606262175287751
2.3870849609375,1.0
2.3921712239583335,0.962874039313442
2.397257486979167,0.9498232849772933
2.40234375,1.0
2.4074300130208335,1.0
2.412516276041667,0.9584320281856805
2.4176025390625,1.0
2.4226888020833335,0.9929447282316419
2.427775065104167,0.8946044258587476
2.432861328125,0.95564961216265
2.4379475911458335,0.926379330228887
2.443033854166667,1.0
2.4481201171875,1.0
2.4532063802083335,0.9929691469527533
2.458292643229167,0.9724460089291982
2.46337890625,1.0
2.4684651692708335,1.0
2.473551432291667,0.9890114723358763
2.4786376953125,0.981779565288833
2.4837239583333335,0.9917795283985001
2.488810221354167,0.9817287800087842
2.493896484375,1.0
2.4989827473958335,1.0
2.504069010416667,0.9499315958553028
2.5091552734375,1.0
2.5142415364583335,1.0
2.519327799479167,0.9978749872497028
2.5244140625,1.0
2.5295003255208335,0.9859479208753378
2.534586588541667,1.0
2.5396728515625,0.9462810380935947
2.5447591145833335,1.0
2.549845377604167,0.9943443332864423
2.554931640625,1.0
2.5600179036458335,1.0
2.565104166666667,0.9185749590243697
2.5701904296875,1.0
2.5752766927083335,1.0
2.580362955729167,1.0
2.58544921875,0.9994996740041471
2.5905354817708335,0.9347613530759578
2.595621744791667,1.0
2.6007080078125,0.9973371888611225
2.6057942708333335,0.9669292337554306
2.610880533854167,0.952490074130072
2.615966796875,1.0
2.6210530598958335,0.9841370357085097
2.626139322916667,1.0
2.6312255859375,1.0
2.6363118489583335,1.0
2.641398111979167,0.950287283747438
2.646484375,1.0
2.6515706380208335,1.0
2.656656901041667,1.0
2.6617431640625,0.9800090758483816
2.6668294270833335,1.0
2.671915690104167,1.0
2.677001953125,1.0
2.6820882161458335,1.0
2.687174479166667,0.9837202729456443
2.6922607421875,0.9512588384246478
2.6973470052083335,0.9522322081632268
2.702433268229167,1.0
2.70751953125,1.0
2.7126057942708335,0.9487550087123235
2.717692057291667,0.9741640347974787
2.7227783203125,1.0
2.7278645833333335,1.0
2.732950846354167,0.9585011050276432
2.738037109375,0.9602045636903418
2.7431233723958335,1.0
2.748209635416667,1.0
2.7532958984375,0.9921487482810197
2.7583821614583335,1.0
2.763468424479167,1.0
2.7685546875,0.9159184785425002
2.7736409505208335,0.9668244835658635
2.778727213541667,1.0
2.7838134765625,0.9334284742810834
2.7888997395833335,0.980957668417235
2.793986002604167,1.0
2.799072265625,1.0
2.8041585286458335,0.9794217787488968
2.809244791666667,0.9192590691568145
2.8143310546875,1.0
2.8194173177083335,1.0
2.824503580729167,0.9765723396755263
2.82958984375,1.0
2.8346761067708335,0.9832723883462731
2.839762369791667,0.907348957646473
2.8448486328125,0.8754441393427798
2.8499348958333335,0.9787142038236021
2.855021158854167,1.0
2.860107421875,1.0
2.8651936848958335,1.0
2.870279947916667,0.9438457334792888
2.8753662109375,0.9817822127373812
2.8804524739583335,1.0
2.885538736979167,0.9359797102359115
2.890625,0.9746229857788259
2.8957112630208335,1.0
2.900797526041667,0.9890419757401159
2.9058837890625,1.0
2.9109700520833335,1.0
2.916056315104167,0.9958649692338082
2.921142578125,0.9284518676934168
2.9262288411458335,0.9086173945595
2.931315104166667,0.9097515856857887
2.9364013671875,0.9843483544264023
2.9414876302083335,1.0
2.946573893229167,1.0
2.95166015625,0.9152678740296515
2.9567464192708335,0.8906978173604704
2.961832682291667,0.7428421060802958
2.9669189453125,0.5937481201103137
2.9720052083333335,0.48247188143458475
2.977091471354167,0.40745818462161343
2.982177734375,0.31991717710999507
2.9872639973958335,0.4643366135866414
2.992350260416667,0.5966595824397875
2.9974365234375,0.7734514288053485
3.0025227864583335,0.827110168415469
3.007609049479167,0.8721720853475078
3.0126953125,1.0
3.0177815755208335,0.9445682670403983
3.022867838541667,0.9814419255651423
3.0279541015625,0.7880787305280823
3.0330403645833335,0.7169580985320384
3.038126627604167,0.5237025961055246
3.043212890625,0.5759077161382625
3.0482991536458335,0.5627881825853467
3.053385416666667,0.5374476413487665
3.0584716796875,0.590202036668394
3.0635579427083335,0.6915668439614953
3.068644205729167,0.6621850017999311
3.07373046875,0.6323376245895328
3.0788167317708335,0.6450154794292711
3.083902994791667,0.6493513290121709
3.0889892578125,0.6067940239592088
3.0940755208333335,0.567360079473514
3.099161783854167,0.6552665375304192
3.104248046875,0.6917431795779108
3.1093343098958335,0.6174866489265634
3.114420572916667,0.6226615379472229
3.1195068359375,0.658554530777773
3.1245930989583335,0.6416478268971763
3.129679361979167,0.6601881870010655
3.134765625,0.6075519286287965
3.1398518880208335,0.6346167583909992
3.144938151041667,0.5898421403011518
3.1500244140625,0.6215498023023129
3.1551106770833335,0.7100244299124042
3.160196940104167,0.6207561128028646
3.165283203125,0.7399148842284614
3.1703694661458335,0.5474967712385939
3.175455729166667,0.6378662842683782
3.1805419921875,0.6717874836466378
3.1856282552083335,0.6775712390071695
3.190714518229167,0.7670467997742011
3.19580078125,0.7655674925178066
3.2008870442708335,0.8155919157854602
3.205973307291667,0.7767441952265264
3.2110595703125,0.909793859741386
3.2161458333333335,0.7796730587538181
3.221232096354167,0.8846540476230617
3.226318359375,0.8703060266266052
3.2314046223958335,0.8838687489592958
3.236490885416667,0.8229048421140347
3.2415771484375,0.7747883684720752
3.2466634114583335,0.7417618450591432
3.251749674479167,0.6697610729347031
3.2568359375,0.665987504612226
3.2619222005208335,0.5926094028913702
3.267008463541667,0.6106512322687037
3.2720947265625,0.7558908950053337
3.2771809895833335,0.8116499506236547
3.282267252604167,0.8870791181228097
3.287353515625,0.8974784826161305
3.2924397786458335,0.9082782501911482
3.297526041666667,0.8918819218633531
3.3026123046875,0.9395469078461801
3.3076985677083335,0.9833258857916571
3.312784830729167,0.9641787263970141
3.31787109375,1.0
3.3229573567708335,1.0
3.328043619791667,0.9638347169589347
3.3331298828125,1.0
3.3382161458333335,0.9688547686559552
3.343302408854167,0.943948299648418
3.348388671875,0.9676325162495939
3.3534749348958335,0.9984988243915857
3.358561197916667,0.9691654322436618
3.3636474609375,1.0
3.3687337239583335,0.8920625972375381
3.373819986979167,0.9749046392087086
3.37890625,0.9867645988484047
3.3839925130208335,1.0
3.389078776041667,1.0
3.3941650390625,0.9415732475481593
3.3992513020833335,0.9068503674092121
3.404337565104167,1.0
3.409423828125,0.9085515640355442
3.4145100911458335,1.0
3.419596354166667,0.8844221429821698
3.4246826171875,1.0
3.4297688802083335,1.0
3.434855143229167,1.0
3.43994140625,1.0
3.4450276692708335,0.9175496658887898
3.450113932291667,0.9717632360177598
3.4552001953125,0.9708619956884964
3.4602864583333335,0.9980112458890503
3.465372721354167,0.9996625831695315
3.470458984375,0.9485855450919378
3.4755452473958335,1.0
3.480631510416667,0.9450941323599643
3.4857177734375,0.9965755923265014
3.4908040364583335,0.9420966844061771
3.495890299479167,0.963598489757208
3.5009765625,0.9930025290378446
3.5060628255208335,1.0
3.511149088541667,0.9427141581966646
3.5162353515625,1.0
3.5213216145833335,1.0
3.526407877604167,0.9132348981046579
3.531494140625,1.0
3.5365804036458335,0.9368568815803857
3.541666666666667,0.9581804569139838
3.5467529296875,1.0
3.5518391927083335,0.946569048988646
3.556925455729167,0.9670832417696338
3.56201171875,0.9631258905460762
3.5670979817708335,1.0
3.572184244791667,0.9735855585579233
3.5772705078125,0.977802384178243
3.5823567708333335,0.9927795884959427
3.587443033854167,1.0
3.592529296875,0.985638260837454
3.5976155598958335,0.9947225368743021
3.602701822916667,1.0
3.6077880859375,1.0
3.6128743489583335,0.9961558903213689
3.617960611979167,1.0
3.623046875,0.9440913712324636
3.6281331380208335,1.0
3.633219401041667,1.0
3.6383056640625,0.9869412651199843
3.6433919270833335,1.0
3.648478190104167,1.0
3.653564453125,1.0
3.6586507161458335,0.9638204551853871
3.663736979166667,0.9751092385533005
3.6688232421875,1.0
3.6739095052083335,0.9963565747275605
3.678995768229167,1.0
3.68408203125,0.944395689905316
3.6891682942708335,0.9585330478350172
3.694254557291667,0.9244459784314838
3.6993408203125,0.8808832689127984
3.7044270833333335,0.9284002776832639
3.709513346354167,0.9693567593287031
3.714599609375,0.9550773712348267
3.7196858723958335,0.9922551302641635
3.724772135416667,1.0
3.7298583984375,1.0
3.7349446614583335,0.9322250091311601
3.740030924479167,0.9654780845138284
3.7451171875,1.0
3.7502034505208335,1.0
3.755289713541667,1.0
3.7603759765625,0.9848376108004321
3.7654622395833335,1.0
3.770548502604167,0.9722022735368674
3.775634765625,1.0
3.7807210286458335,1.0
3.785807291666667,0.9826280095979749
3.7908935546875,0.9255470643555141
3.7959798177083335,0.9648368114688383
3.801066080729167,0.9731607263770872
3.80615234375,1.0
3.8112386067708335,0.9852966778897048
3.816324869791667,1.0
3.8214111328125,0.919866154802224
3.8264973958333335,1.0
3.831583658854167,0.9400591346107875
3.836669921875,1.0
3.8417561848958335,0.9653880742043087
3.846842447916667,0.9407310463523116
3.8519287109375,0.9261850247773692
3.8570149739583335,0.922301604484999
3.862101236979167,0.9418970295571559
3.8671875,0.9174976033775117
3.8722737630208335,1.0
3.877360026041667,0.9896984069558342
3.8824462890625,1.0
3.8875325520833335,1.0
3.892618815104167,0.9989549944806104
3.897705078125,0.9334221987606393
3.9027913411458335,0.951206799671745
3.907877604166667,0.8914281017025399
3.9129638671875,0.9460056752929898
3.9180501302083335,1.0
3.923136393229167,0.9758868965602072
3.92822265625,0.9531419396931795
3.9333089192708335,1.0
3.938395182291667,0.8964542718497526
3.9434814453125,0.9936822877416696
3.9485677083333335,1.0
3.953653971354167,1.0
3.958740234375,0.9371604385453616
3.9638264973958335,0.9754444998043771
3.968912760416667,1.0
3.9739990234375,1.0
3.9790852864583335,1.0
3.984171549479167,0.9756782882572347
3.9892578125,1.0
3.9943440755208335,0.9393240907459722
3.999430338541667,1.0
4.0045166015625,1.0
4.009602864583334,0.9344681830743268
4.014689127604167,0.9808137482910815
4.019775390625,1.0
4.024861653645834,1.0
4.029947916666667,0.9034920755207327
4.0350341796875,1.0
4.040120442708334,0.9467580005752523
4.045206705729167,0.967033101334688
4.05029296875,0.9968897575193186
4.055379231770834,1.0
4.060465494791667,1.0
4.0655517578125,1.0
4.070638020833334,0.9801479866125116
4.075724283854167,0.9401204188896438
4.080810546875,0.9635596498507881
4.085896809895834,1.0
4.090983072916667,0.9955274933827316
4.0960693359375,1.0
4.101155598958334,0.9694039535892971
4.106241861979167,1.0
4.111328125,1.0
4.116414388020834,1.0
4.121500651041667,0.9823584998886858
4.1265869140625,0.9605259634594774
4.131673177083334,0.9210665298589802
4.136759440104167,0.9254675349878145
4.141845703125,1.0
4.146931966145834,0.995155439612692
4.152018229166667,1.0
4.1571044921875,0.9661127707925934
4.162190755208334,0.7791934675738892
4.167277018229167,0.694396185674751
4.17236328125,0.6008713841141455
4.177449544270834,0.5803052050894975
4.182535807291667,0.6015161009139591
4.1876220703125,0.646945100961605
4.192708333333334,0.7686806770691459
4.197794596354167,0.8838642891643899
4.202880859375,0.8267628611036875
4.207967122395834,0.8789004863533824
4.213053385416667,0.9040859429671562
4.2181396484375,0.9710173703960993
4.223225911458334,0.8922109954891897
4.228312174479167,0.8568424131045889
4.2333984375,0.9566537071438714
4.238484700520834,0.9728285696858474
4.243570963541667,0.9480773676630139
4.2486572265625,0.84065836860619
4.253743489583334,0.8017034687901043
4.258829752604167,0.7637783496052821
4.263916015625,0.6910568563878923
4.269002278645834,0.5581830390992849
4.274088541666667,0.6149700581932748
4.2791748046875,0.655222147466162
4.284261067708334,0.6400911806529405
4.289347330729167,0.7109492916912242
4.29443359375,0.6678867956521359
4.299519856770834,0.6765887906335278
4.304606119791667,0.7909630007630796
4.3096923828125,0.6075065093676506
4.314778645833334,0.626949181534207
4.319864908854167,0.5521273219503791
4.324951171875,0.651579188037933
4.330037434895834,0.6314503489467571
4.335123697916667,0.6103683189024041
4.3402099609375,0.6993654301236943
4.345296223958334,0.6596829444370097
4.350382486979167,0.6594643489826475
4.35546875,0.6626193559091658
4.360555013020834,0.663268534264148
4.365641276041667,0.6235247123818385
4.3707275390625,0.7093423236208858
4.375813802083334,0.6522804940668345
4.380900065104167,0.6721524118779412
4.385986328125,0.6157830200523224
4.391072591145834,0.6957850784660831
4.396158854166667,0.6586782574439596
4.4012451171875,0.5831800047307691
4.406331380208334,0.6596759488019244
4.411417643229167,0.6245616476626652
4.41650390625,0.5913014785706641
4.421590169270834,0.7286712632306777
4.426676432291667,0.669765083397712
4.4317626953125,0.7113412222870076
4.436848958333334,0.6950156746630588
4.441935221354167,0.694713861299197
4.447021484375,0.6759256252845989
4.452107747395834,0.7443285180116639
4.457194010416667,0.7114660640683484
4.4622802734375,0.8202209239848446
4.467366536458334,0.8928704137814703
4.472452799479167,0.8698887470419778
4.4775390625,1.0
4.482625325520834,0.9009723096701269
4.487711588541667,0.9263728551719069
4.4927978515625,0.9692630018026553
4.497884114583334,0.9163395726041011
4.502970377604167,0.859876690081633
4.508056640625,0.8972911849170575
4.513142903645834,0.9759631518704592
4.518229166666667,0.8767339617339428
4.5233154296875,0.8953303912242581
4.528401692708334,0.9532301868830024
4.533487955729167,0.8840850672295876
4.53857421875,1.0
4.543660481770834,0.9007282865469215
4.548746744791667,0.8989192508326681
4.5538330078125,0.7962703127295048
4.558919270833334,0.8365592691114481
4.564005533854167,0.6153319761438862
4.569091796875,0.750195276654851
4.574178059895834,0.7126936517724809
4.579264322916667,0.6154575639582429
4.5843505859375,0.8206118955124576
4.589436848958334,0.8337237822596478
4.594523111979167,0.9085207655046308
4.599609375,0.9855040309882741
4.604695638020834,1.0
4.609781901041667,0.9624753930306514
4.6148681640625,0.9996610311904536
4.619954427083334,1.0
4.625040690104167,0.9765005104229656
4.630126953125,0.9802272652698854
4.635213216145834,0.9755615342303743
4.640299479166667,0.9418101128726968
4.6453857421875,1.0
4.650472005208334,0.9640276493972444
4.655558268229167,1.0
4.66064453125,1.0
4.665730794270834,1.0
4.670817057291667,1.0
4.6759033203125,0.9384528804639368
4.680989583333334,1.0
4.686075846354167,1.0
4.691162109375,0.9895559585946064
4.696248372395834,1.0
4.701334635416667,0.9790469809363217
4.7064208984375,1.0
4.711507161458334,1.0
4.716593424479167,1.0
4.7216796875,1.0
4.726765950520834,1.0
4.731852213541667,1.0
4.7369384765625,1.0
4.742024739583334,0.9538772627115831
4.747111002604167,1.0
4.752197265625,1.0
4.757283528645834,0.9381306592018714
4.762369791666667,1.0
4.7674560546875,1.0
4.772542317708334,1.0
4.777628580729167,1.0
4.78271484375,1.0
4.787801106770834,1.0
4.792887369791667,0.9840505404414722
4.7979736328125,0.9755353211314925
4.803059895833334,1.0
4.808146158854167,0.9863935648196769
4.813232421875,0.9065969307020025
4.818318684895834,0.9166218895271241
4.823404947916667,0.9244876616180795
4.8284912109375,1.0
4.833577473958334,0.9915498299814374
4.838663736979167,0.9884089741028518
4.84375,1.0
4.848836263020834,1.0
4.853922526041667,1.0
4.8590087890625,0.9953464419562482
4.864095052083334,0.860388824336507
4.869181315104167,0.9677361033786553
4.874267578125,1.0
4.879353841145834,1.0
4.884440104166667,0.9956755158768767
4.8895263671875,1.0
4.894612630208334,1.0
4.899698893229167,1.0
4.90478515625,0.9764468856721585
4.909871419270834,1.0
4.914957682291667,1.0
4.9200439453125,0.9515872500009385
4.925130208333334,1.0
4.930216471354167,0.9789791708881422
4.935302734375,1.0
4.940388997395834,0.9880116091269616
4.945475260416667,1.0
4.9505615234375,0.934850637281731
4.955647786458334,1.0
4.960734049479167,1.0
4.9658203125,0.9824927686621232
4.970906575520834,1.0
4.975992838541667,0.9333275702439356
4.9810791015625,0.9470731922822094
4.986165364583334,1.0
4.991251627604167,0.995946684058154
4.996337890625,1.0
5.001424153645834,0.940369110870509
5.006510416666667,1.0
5.0115966796875,0.9622894930609288
5.016682942708334,1.0
5.021769205729167,0.8912091794379742
5.02685546875,0.9960291858050281
5.031941731770834,0.9696504141014939
5.037027994791667,0.9896749604328564
5.0421142578125,0.9598253176765077
5.047200520833334,1.0
5.052286783854167,0.974411232650804
5.057373046875,1.0
5.062459309895834,0.962824284797869
5.067545572916667,0.9541397579423184
5.0726318359375,1.0
5.077718098958334,1.0
5.082804361979167,0.9463452212438115
5.087890625,1.0
5.092976888020834,0.8792719482736495
5.098063151041667,1.0
5.1031494140625,1.0
5.108235677083334,0.9496131121457413
5.113321940104167,1.0
5.118408203125,1.0
5.123494466145834,0.9902786562291547
5.128580729166667,0.9735253390633163
5.1336669921875,1.0
5.138753255208334,1.0
5.143839518229167,0.9906366272223064
5.14892578125,1.0
5.154012044270834,0.9767849107599221
5.159098307291667,1.0
5.1641845703125,1.0
5.169270833333334,0.9442333842690598
5.174357096354167,0.9668250472162139
5.179443359375,0.9827131303082305
5.184529622395834,1.0
5.189615885416667,1.0
5.1947021484375,1.0
5.199788411458334,1.0
5.204874674479167,0.9513027234714183
5.2099609375,0.9532116195618173
5.215047200520834,0.9943045006505453
5.220133463541667,1.0
5.2252197265625,0.9803309284069472
5.230305989583334,1.0
5.235392252604167,0.9903466315208606
5.240478515625,0.9641668988288673
5.245564778645834,0.9909288735262528
5.250651041666667,0.9966570450495377
5.2557373046875,0.9617410114115996
5.260823567708334,0.969388436062485
5.265909830729167,0.9678951266163639
5.27099609375,1.0
5.276082356770834,0.9368106037203534
5.281168619791667,0.9833501827263761
5.2862548828125,0.985847904346443
5.291341145833334,0.9289195699602039
5.296427408854167,0.9653673162249554
5.301513671875,0.9652129686461012
5.306599934895834,0.9991489242807379
5.311686197916667,1.0
5.3167724609375,1.0
5.321858723958334,0.9939528452420681
5.326944986979167,1.0
5.33203125,1.0
5.337117513020834,1.0
5.342203776041667,1.0
5.3472900390625,1.0
5.352376302083334,1.0
5.357462565104167,1.0
5.362548828125,0.9858901043682473
5.367635091145834,0.7778065745089664
5.372721354166667,0.7939773022721814
5.3778076171875,0.6589420375027439
5.382893880208334,0.7931367396772856
5.387980143229167,0.7484714531402515
5.39306640625,0.7035047816933099
5.398152669270834,0.7771621293816896
5.403238932291667,0.9760735381562834
5.4083251953125,0.9062447912417432
5.413411458333334,0.9441812598248607
5.418497721354167,0.9764491666797382
5.423583984375,0.9609357363401031
5.428670247395834,0.9059591848580748
5.433756510416667,0.9620960551409079
5.4388427734375,0.9871472807747049
5.443929036458334,1.0
5.449015299479167,0.9742194417193988
5.4541015625,0.9372704802243809
5.459187825520834,0.9584369993563406
5.464274088541667,0.9865690986426305
5.4693603515625,0.9688721597509982
5.474446614583334,0.9678121843442732
5.479532877604167,0.9753835385250651
5.484619140625,0.9554780498612276
5.489705403645834,0.8503578485220588
5.494791666666667,0.703679746830039
5.4998779296875,0.7046964781876344
5.504964192708334,0.6666221579550399
5.510050455729167,0.6788732066587806
5.51513671875,0.6682177765280786
5.520222981770834,0.6386066489020579
5.525309244791667,0.836541968793697
5.5303955078125,0.9506054981819954
5.535481770833334,1.0
5.540568033854167,0.8557476847227206
5.545654296875,0.8763528265975685
5.550740559895834,0.7451271159528354
5.555826822916667,0.7120507010157333
5.5609130859375,0.7646949114927565
5.565999348958334,0.7161764126322923
5.571085611979167,0.7265076097934362
5.576171875,0.7291883928385999
5.581258138020834,0.6885855805948782
5.586344401041667,0.7046063266584646
5.5914306640625,0.6783168235018181
5.596516927083334,0.7544734568155771
5.601603190104167,0.7554870999962321
5.606689453125,0.655043650855271
5.611775716145834,0.7322669963730886
5.616861979166667,0.7209525737124094
5.6219482421875,0.6194536144256315
5.627034505208334,0.7957096869057925
5.632120768229167,0.718862775615515
5.63720703125,0.7538861133468804
5.642293294270834,0.8038545485758829
5.647379557291667,0.7557433538785896
5.6524658203125,0.7555638181567494
5.657552083333334,0.7857175665813361
5.662638346354167,0.6934617215774408
5.667724609375,0.6761008695848421
5.672810872395834,0.8103017977185709
5.677897135416667,0.7261701225587671
5.6829833984375,0.777938215008285
5.688069661458334,0.7508271997009903
5.693155924479167,0.7178396440102278
5.6982421875,0.6729190936275437
5.703328450520834,0.7708173015232116
5.708414713541667,0.7284950460288795
5.7135009765625,0.6948702334630599
5.718587239583334,0.7258683804342893
5.723673502604167,0.688601985387324
5.728759765625,0.7181162393995095
5.733846028645834,0.7241166014835897
5.738932291666667,0.8788671743255643
5.7440185546875,0.9502167074588536
5.749104817708334,0.9024691580939652
5.754191080729167,0.8419984965026682
5.75927734375,1.0
5.764363606770834,0.9646877725962539
5.769449869791667,0.898203875623061
5.7745361328125,0.9054915296573712
5.779622395833334,0.9063052175674576
5.784708658854167,0.8693234842800348
5.789794921875,0.9061898995536561
5.794881184895834,0.9713090982285288
5.799967447916667,0.9531951795411036
5.8050537109375,0.9260685768220748
5.810139973958334,0.9625170364797229
5.815226236979167,0.979403062546554
5.8203125,0.9166942788318868
5.825398763020834,0.9059760790629813
5.830485026041667,0.8733558335007471
5.8355712890625,0.953520404251814
5.840657552083334,0.9001679315992657
5.845743815104167,0.9894206052954084
5.850830078125,1.0
5.855916341145834,0.9597896127148597
5.861002604166667,0.9433408917661308
5.8660888671875,0.8705320529611273
5.871175130208334,0.7969010331805596
5.876261393229167,0.8147855333169359
5.88134765625,0.7671356147754835
5.886433919270834,0.6012628847367918
5.891520182291667,0.7232649460748526
5.8966064453125,0.7863936122640908
5.901692708333334,0.8202782175033132
5.906778971354167,0.9676441148178601
5.911865234375,0.9444248147592254
5.916951497395834,0.9281510257001511
5.922037760416667,0.931652059847595
5.9271240234375,0.9942987052135899
5.932210286458334,1.0
5.937296549479167,0.9533111002926491
5.9423828125,0.9749425763425474
5.947469075520834,0.9842695106911962
5.952555338541667,1.0
5.9576416015625,0.9937740911969077
5.962727864583334,1.0
5.967814127604167,0.9486254502953749
5.972900390625,0.9599161869400527
5.977986653645834,0.9729442217457456
5.983072916666667,0.993997023219154
5.9881591796875,0.938585405574162
5.993245442708334,0.977628673920845
5.998331705729167,0.9547866563933776
6.00341796875,1.0
6.008504231770834,1.0
6.013590494791667,0.9889389605932861
6.0186767578125,0.9768920343444605
6.023763020833334,0.9727186062434503
6.028849283854167,1.0
6.033935546875,0.9821428672765615
6.039021809895834,0.960649364712329
6.044108072916667,0.9807484471468227
6.0491943359375,0.9821982701218925
6.054280598958334,1.0
6.059366861979167,1.0
6.064453125,0.9558052544803469
6.069539388020834,1.0
6.074625651041667,0.9684708228510949
6.0797119140625,0.945965021896713
6.084798177083334,0.9829397827429153
6.089884440104167,1.0
6.094970703125,0.9926936926154144
6.100056966145834,1.0
6.105143229166667,1.0
6.1102294921875,0.9655813282025287
6.115315755208334,1.0
6.120402018229167,0.945997452370903
6.12548828125,0.9933538930689871
6.130574544270834,1.0
6.135660807291667,0.9892069423803557
6.1407470703125,0.9499567640232112
6.145833333333334,0.9434881863958777
6.150919596354167,1.0
6.156005859375,0.9914224291214709
6.161092122395834,1.0
6.166178385416667,1.0
6.1712646484375,1.0
6.176350911458334,1.0
6.181437174479167,0.9586075911491905
6.1865234375,0.9467928980508042
6.191609700520834,0.9407659592799201
6.196695963541667,0.9842250672259112
6.2017822265625,1.0
6.206868489583334,0.9767970923504552
6.211954752604167,1.0
6.217041015625,0.9789736243153883
6.222127278645834,0.9830314362870978
6.227213541666667,0.9688107943323414
6.2322998046875,0.9554274681596686
6.237386067708334,1.0
6.242472330729167,1.0
6.24755859375,1.0
6.252644856770834,1.0
6.257731119791667,0.9263000777431849
6.2628173828125,1.0
6.267903645833334,1.0
6.272989908854167,1.0
6.278076171875,0.9711201957000309
6.283162434895834,0.9406040326301389
6.288248697916667,1.0
6.2933349609375,1.0
6.298421223958334,1.0
6.303507486979167,0.9759946329052076
6.30859375,0.946885501002605
6.313680013020834,0.9110010435532431
6.318766276041667,0.9843001839692236
6.3238525390625,0.9796693008009884
6.328938802083334,1.0
6.334025065104167,0.9791810179896479
6.339111328125,1.0
6.344197591145834,0.9712455399803941
6.349283854166667,0.9915719189698243
6.3543701171875,1.0
6.359456380208334,1.0
6.364542643229167,0.9371482467528447
6.36962890625,0.9712782414930295
6.374715169270834,0.9851003520715566
6.379801432291667,1.0
6.3848876953125,0.9710190180190208
6.389973958333334,1.0
6.395060221354167,1.0
6.400146484375,0.8994086961142456
6.405232747395834,0.9458348917395354
6.410319010416667,0.9554684407757796
6.4154052734375,0.9553929902901412
6.420491536458334,0.9895461804637549
6.425577799479167,0.9496004215757501
6.4306640625,0.9674646967777881
6.435750325520834,1.0
6.440836588541667,0.930366991952313
6.4459228515625,1.0
6.451009114583334,1.0
6.456095377604167,0.9377612383321229
6.461181640625,0.9312555663324853
6.466267903645834,0.9622192461030095
6.471354166666667,1.0
6.4764404296875,0.9599883906015735
6.481526692708334,0.9799622444179281
6.486612955729167,0.9697132409328219
6.49169921875,0.9896235786797767
6.496785481770834,1.0
6.501871744791667,1.0
6.5069580078125,0.9812328133353261
6.512044270833334,1.0
6.517130533854167,0.9401267272253414
6.522216796875,1.0
6.527303059895834,1.0
6.532389322916667,1.0
6.5374755859375,0.9658811124054208
6.542561848958334,0.9696400409186431
6.547648111979167,0.9923378600076297
6.552734375,0.9945411622501962
6.557820638020834,0.9941920597616996
6.562906901041667,0.9387003595081215
6.5679931640625,0.8437722207368141
6.573079427083334,0.8607084378843183
6.578165690104167,0.8444308149437307
6.583251953125,0.788782890422762
6.588338216145834,0.7233827004886364
6.593424479166667,0.7789541555505537
6.5985107421875,0.889954251324706
6.603597005208334,0.8591063203035432
6.608683268229167,0.9934529557048164
6.61376953125,1.0
6.618855794270834,0.9934737149517112
6.623942057291667,1.0
6.6290283203125,0.9627274993138835
6.634114583333334,0.9552296184211042
6.639200846354167,1.0
6.644287109375,0.9391165263939909
6.649373372395834,0.9560737218400266
6.654459635416667,1.0
6.6595458984375,0.9419379661340137
6.664632161458334,1.0
6.669718424479167,0.9707825094663852
6.6748046875,0.9787254276250701
6.679890950520834,0.9626258964320806
6.684977213541667,0.9066504443738048
6.6900634765625,0.9145316305534229
6.695149739583334,0.9804654924460963
6.700236002604167,0.9427750816754369
6.705322265625,0.8974517509634157
6.710408528645834,0.9222161049064415
6.715494791666667,0.8428546208880611
6.7205810546875,0.8851367020360172
6.725667317708334,0.8201033731026657
6.730753580729167,0.7277998830209418
6.73583984375,0.6934631113145421
6.740926106770834,0.7365684986117425
6.746012369791667,0.7896116051354485
6.7510986328125,0.7619803520786299
6.756184895833334,0.8921546179810707
6.761271158854167,0.8995858200439864
6.766357421875,0.9089644071175038
6.771443684895834,1.0
6.776529947916667,1.0
6.7816162109375,0.8650489939798168
6.786702473958334,0.8319973878154168
6.791788736979167,0.7904241898180326
6.796875,0.7387405054693257
6.801961263020834,0.7682846960378551
6.807047526041667,0.7236550261253453
6.8121337890625,0.6371501052183779
6.817220052083334,0.6834123217859613
6.822306315104167,0.7293042237014704
6.827392578125,0.6971450140685291
6.832478841145834,0.6943684430866348
6.837565104166667,0.6607935441093142
6.8426513671875,0.7477371560712589
6.847737630208334,0.7991711651712701
6.852823893229167,0.781105390153731
6.85791015625,0.7580109313187444
6.862996419270834,0.7099571991377647
6.868082682291667,0.7559605416658799
6.8731689453125,0.7941739008586863
6.878255208333334,0.7544032490998311
6.883341471354167,0.7105467675292726
6.888427734375,0.7989176363631616
6.893513997395834,0.7872207818850048
6.898600260416667,0.6974763208397583
6.9036865234375,0.7171558035219974
6.908772786458334,0.8513120836215663
6.913859049479167,0.797347861643481
6.9189453125,0.7731031936853964
6.924031575520834,0.9289075051483633
6.929117838541667,0.8452838344441017
6.9342041015625,0.7300843536900355
6.939290364583334,0.7192903522260046
6.944376627604167,0.7082228427038411
6.949462890625,0.7001167169522902
6.954549153645834,0.8750450656942561
6.959635416666667,0.7310503536379278
6.9647216796875,0.8111109044170456
6.969807942708334,0.8295769867798084
6.974894205729167,0.7821748046595887
6.97998046875,0.7663896768784306
6.985066731770834,0.6535893682884927
6.990152994791667,0.7275191039901825
6.9952392578125,0.6445235637614309
7.000325520833334,0.8148270012290393
7.005411783854167,0.8157908492227219
7.010498046875,0.763766879962949
7.015584309895834,0.8317774174650951
7.020670572916667,0.8722367243229514
7.0257568359375,0.9632728192784707
7.030843098958334,0.9063669300763368
7.035929361979167,1.0
7.041015625,0.9823437599847993
7.046101888020834,0.9209493993728832
7.051188151041667,1.0
7.0562744140625,0.9430506970200879
7.061360677083334,0.9019217894618701
7.066446940104167,0.9260195110899765
7.071533203125,0.9846844418552201
7.076619466145834,0.8899898898793434
7.081705729166667,0.9622542137449491
7.0867919921875,0.9146457024399878
7.091878255208334,0.9350981664039246
7.096964518229167,0.9270842632167224
7.10205078125,0.93101145225765
7.107137044270834,0.9101604457200326
7.112223307291667,0.9809840071076433
7.1173095703125,0.9961102782312699
7.122395833333334,0.999173619856331
7.127482096354167,1.0
7.132568359375,0.9035858770271767
7.137654622395834,0.9224632820541885
7.142740885416667,0.9388147147285026
7.1478271484375,0.9333067025237756
7.152913411458334,1.0
7.157999674479167,0.9808021115248219
7.1630859375,1.0
7.168172200520834,1.0
7.173258463541667,0.9408973579512707
7.1783447265625,0.9227430607342448
7.183430989583334,0.8310925447186224
7.188517252604167,0.7584929305896217
7.193603515625,0.7854142903860096
7.198689778645834,0.827722602915256
7.203776041666667,0.7129240258243639
7.2088623046875,0.7627215960945788
7.213948567708334,0.9407357591415364
7.219034830729167,0.8786458597556728
7.22412109375,0.8728754575703552
7.229207356770834,1.0
7.234293619791667,1.0
7.2393798828125,1.0
7.244466145833334,1.0
7.249552408854167,1.0
7.254638671875,1.0
7.259724934895834,1.0
7.264811197916667,1.0
7.2698974609375,1.0
7.274983723958334,0.9549818655318413
7.280069986979167,0.9931031208033283
7.28515625,1.0
7.290242513020834,0.9866232483453269
7.295328776041667,0.9481484624318263
7.3004150390625,0.9872171234173642
7.305501302083334,0.9823099164014153
7.310587565104167,1.0
7.315673828125,0.9650929087920126
7.320760091145834,1.0
7.325846354166667,0.9094062014597182
7.3309326171875,0.9784400068021011
7.336018880208334,0.9709202263520146
7.341105143229167,1.0
7.34619140625,1.0
7.351277669270834,0.9572169692458748
7.356363932291667,0.9882820901685988
7.3614501953125,1.0
7.366536458333334,1.0
7.371622721354167,0.8766974965163856
7.376708984375,1.0
7.381795247395834,0.9761145427610507
7.386881510416667,1.0
7.3919677734375,1.0
7.397054036458334,0.9494237564181502
7.402140299479167,1.0
7.4072265625,1.0
7.412312825520834,0.9398131746709717
7.417399088541667,0.9324336820957672
7.4224853515625,1.0
7.427571614583334,0.9788420143190766
7.432657877604167,1.0
7.437744140625,0.9349419533850665
7.442830403645834,1.0
7.447916666666667,1.0
7.4530029296875,1.0
7.458089192708334,0.98230552359416
7.463175455729167,0.9756393828476826
7.46826171875,0.9566027149498406
7.473347981770834,1.0
7.478434244791667,1.0
7.4835205078125,1.0
7.488606770833334,0.9833050147637795
7.493693033854167,0.9980449205279092
7.498779296875,1.0
7.503865559895834,0.9483419910178879
7.508951822916667,1.0
7.5140380859375,1.0
7.519124348958334,0.9260602651435136
7.524210611979167,1.0
7.529296875,1.0
7.534383138020834,0.9889261836865857
7.539469401041667,1.0
7.5445556640625,0.9825425975448089
7.549641927083334,0.9709454307022148
7.554728190104167,0.9752334606727755
7.559814453125,1.0
7.564900716145834,0.9271004591057252
7.569986979166667,0.980401762653728
7.5750732421875,1.0
7.580159505208334,1.0
7.585245768229167,1.0
7.59033203125,1.0
7.595418294270834,0.9614616611807705
7.600504557291667,0.9756013466911662
7.6055908203125,0.9511182165860262
7.610677083333334,0.9453914695241923
7.615763346354167,1.0
7.620849609375,0.9968383874618523
7.625935872395834,0.951451217397929
7.631022135416667,1.0
7.6361083984375,1.0
7.641194661458334,0.9855352880860253
7.646280924479167,0.9872718676294515
7.6513671875,0.9767139031903423
7.656453450520834,1.0
7.661539713541667,1.0
7.6666259765625,0.9466280828296962
7.671712239583334,1.0
7.676798502604167,1.0
7.681884765625,0.9946946821404781
7.686971028645834,0.9833055957600432
7.692057291666667,0.9713041283991684
7.6971435546875,0.9292150780721982
7.702229817708334,1.0
7.707316080729167,0.9365176089613363
7.71240234375,1.0
7.717488606770834,0.9697635011372503
7.722574869791667,0.9747594061465041
7.7276611328125,0.9493394360671719
7.732747395833334,0.9005692352726176
7.737833658854167,1.0
7.742919921875,0.9521093979771904
7.748006184895834,1.0
7.753092447916667,1.0
7.7581787109375,1.0
7.763264973958334,0.8933641876980443
7.768351236979167,0.8916555933335149
7.7734375,0.8547969714527979
7.778523763020834,0.8138312134441943
7.783610026041667,0.9441124344355695
7.7886962890625,0.9860767895768303
7.793782552083334,0.8382713680667143
7.798868815104167,0.8959395097225628
7.803955078125,0.97176617652532
7.809041341145834,0.9237976801200523
7.814127604166667,1.0
7.8192138671875,0.9840033108825141
7.824300130208334,1.0
7.829386393229167,0.9969215761295003
7.83447265625,1.0
7.839558919270834,0.9316018550620471
7.844645182291667,0.8908153027610994
7.8497314453125,0.9554939635468218
7.854817708333334,0.9906605405801011
7.859903971354167,1.0
7.864990234375,0.939283568003159
7.870076497395834,1.0
7.875162760416667,1.0
7.8802490234375,0.9256469952920132
7.885335286458334,1.0
7.890421549479167,0.9722457858727553
7.8955078125,1.0
7.900594075520834,0.9952861258128861
7.905680338541667,0.9777708481947582
7.9107666015625,0.9284923141386051
7.915852864583334,0.9828830274925311
7.920939127604167,1.0
7.926025390625,1.0
7.931111653645834,1.0
7.936197916666667,0.9957628596831514
7.9412841796875,0.9565964355948623
7.946370442708334,0.9204153454861466
7.951456705729167,0.8924983033095173
7.95654296875,0.8239224048679172
7.961629231770834,0.7929767961397438
7.966715494791667,0.8139493817122785
7.9718017578125,0.8235710995302401
7.976888020833334,0.762290261332568
7.981974283854167,0.7862221028946894
7.987060546875,0.8922688899079461
7.992146809895834,0.9087665264722484
7.997233072916667,0.9754671163334296
8.0023193359375,0.944961153904273
8.007405598958334,1.0
8.012491861979168,0.998621914305978
8.017578125,1.0
8.022664388020834,0.9575004416859814
8.027750651041668,0.9609754137884399
8.0328369140625,0.9342262525018866
8.037923177083334,0.8859374020440307
8.043009440104168,0.8247405003517214
8.048095703125,0.7923315506716689
8.053181966145834,0.7832490987529346
8.058268229166668,0.6838490778660753
8.0633544921875,0.759738171107642
8.068440755208334,0.7719661549716154
8.073527018229168,0.6913788987447382
8.07861328125,0.75112431872261
8.083699544270834,0.7671562276857722
8.088785807291668,0.7587590007144251
8.0938720703125,0.7257913883248887
8.098958333333334,0.8509645080829966
8.104044596354168,0.8081374934954821
8.109130859375,0.7655382163167557
8.114217122395834,0.7515606822684999
8.119303385416668,0.7201008579669814
8.1243896484375,0.7173474120617429
8.129475911458334,0.7448332813494023
8.134562174479168,0.9299202428163982
8.1396484375,0.8361009759334097
8.144734700520834,0.8244684929091763
8.149820963541668,0.8110573822299352
8.1549072265625,0.7228492415846882
8.159993489583334,0.8053865769493106
8.165079752604168,0.8180725560992249
8.170166015625,0.9257150911011245
8.175252278645834,0.8960851024905631
8.180338541666668,0.8759645749050042
8.1854248046875,0.8801508269565452
8.190511067708334,0.8479967338617749
8.195597330729168,0.7487058109795077
8.20068359375,0.7298075572273321
8.205769856770834,0.7872926824864175
8.210856119791668,0.8587445998675776
8.2159423828125,0.8311191675023238
8.221028645833334,0.8995658968747906
8.226114908854168,0.8773499068038403
8.231201171875,0.8400000471938467
8.236287434895834,0.8607601899983313
8.241373697916668,0.7577143104854358
8.2464599609375,0.8714074322449992
8.251546223958334,0.8373784683914485
8.256632486979168,0.8000655712236229
8.26171875,0.792107853721377
8.266805013020834,0.7274720435600259
8.271891276041668,0.7355237244646728
8.2769775390625,0.9248540312700069
8.282063802083334,0.7753923883890979
8.287150065104168,0.7867156752390116
8.292236328125,0.843253415933376
8.297322591145834,0.8267777592463136
8.302408854166668,1.0
8.3074951171875,0.9759249791282023
8.312581380208334,0.9486061520912312
8.317667643229168,0.9421719900178247
8.32275390625,1.0
8.327840169270834,1.0
8.332926432291668,0.9888978017844783
8.3380126953125,0.85798873608297
8.343098958333334,0.9771726305542994
8.348185221354168,0.9963364314836549
8.353271484375,0.909206368464603
8.358357747395834,1.0
8.363444010416668,0.9443966876516424
8.3685302734375,0.8703682883567753
8.373616536458334,0.9570239773497777
8.378702799479168,0.9390802033254535
8.3837890625,0.9057265245429537
8.388875325520834,0.9316407933288775
8.393961588541668,0.9526708104569133
8.3990478515625,0.9580390868181682
8.404134114583334,0.9051303845974703
8.409220377604168,0.943043280550179
8.414306640625,0.988426756497171
8.419392903645834,0.9532459933681443
8.424479166666668,0.9766560996150273
8.4295654296875,0.8846417675301539
8.434651692708334,0.9783152930672794
8.439737955729168,0.9833948811085237
8.44482421875,1.0
8.449910481770834,0.9027487647857163
8.454996744791668,1.0
8.4600830078125,1.0
8.465169270833334,1.0
8.470255533854168,1.0
8.475341796875,1.0
8.480428059895834,1.0
8.485514322916668,0.9802960939457797
8.4906005859375,0.9574170327969739
8.495686848958334,0.9802447845122183
8.500773111979168,0.8874481018937352
8.505859375,0.8737112552399952
8.510945638020834,0.7934156226434508
8.516031901041668,0.7755406749575464
8.5211181640625,0.7799178893431038
8.526204427083334,0.8559744451248155
8.531290690104168,0.8913001075308415
8.536376953125,0.8234113538542751
8.541463216145834,1.0
8.546549479166668,0.9992258039325097
8.5516357421875,1.0
8.556722005208334,1.0
8.561808268229168,0.9714086483093116
8.56689453125,0.9437657281262333
8.571980794270834,0.9268449542967193
8.577067057291668,0.9424088596910694
8.5821533203125,0.9587397010739704
8.587239583333334,1.0
8.592325846354168,0.9810302878458574
8.597412109375,0.9144415683453624
8.602498372395834,0.9208830470880367
8.607584635416668,0.9817532598921831
8.6126708984375,1.0
8.617757161458334,0.9962860619439762
8.622843424479168,1.0
8.6279296875,0.9045348070268017
8.633015950520834,1.0
8.638102213541668,0.94640147680153
8.6431884765625,0.9666967122099225
8.648274739583334,0.9623124510258833
8.653361002604168,0.9689087679746755
8.658447265625,0.9106713211270334
8.663533528645834,0.9667672224777939
8.668619791666668,0.9421244355257793
8.6737060546875,1.0
8.678792317708334,0.9664010123320761
8.683878580729168,1.0
8.68896484375,1.0
8.694051106770834,1.0
8.699137369791668,1.0
8.7042236328125,0.9618696174702432
8.709309895833334,0.9298315859437789
8.714396158854168,1.0
8.719482421875,0.9764963607094748
8.724568684895834,0.9293396008861133
8.729654947916668,0.9911718368834601
8.7347412109375,0.9753663724745065
8.739827473958334,0.9343102090699444
8.744913736979168,0.93760237860114
8.75,1.0
8.755086263020834,1.0
8.760172526041668,1.0
8.7652587890625,0.9110036608603069
8.770345052083334,1.0
8.775431315104168,0.998145268816169
8.780517578125,0.9550025291574009
8.785603841145834,0.8816910867810888
8.790690104166668,1.0
8.7957763671875,0.9147654848175997
8.800862630208334,1.0
8.805948893229168,1.0
8.81103515625,1.0
8.816121419270834,0.9812273890452334
8.821207682291668,1.0
8.8262939453125,0.9885452582754142
8.831380208333334,1.0
8.836466471354168,0.9701241042040547
8.841552734375,1.0
8.846638997395834,0.9885782723485969
8.851725260416668,0.9322144669652352
8.8568115234375,0.9900369195333429
8.861897786458334,0.9655558105430613
8.866984049479168,0.9495275646806821
8.8720703125,0.9848832612916867
8.877156575520834,0.9438410765311731
8.882242838541668,1.0
8.8873291015625,0.9814391207826849
8.892415364583334,0.9395742720826483
8.897501627604168,0.9477768850613428
8.902587890625,0.9503068283941761
8.907674153645834,0.9242025568119034
8.912760416666668,0.986135772473853
8.9178466796875,1.0
8.922932942708334,0.9178340227316752
8.928019205729168,0.9450997654634388
8.93310546875,0.9320228435560984
8.938191731770834,0.9332406601844989
8.943277994791668,1.0
8.9483642578125,0.9715782693425541
8.953450520833334,0.8878725193185147
8.958536783854168,0.9814950424803001
8.963623046875,0.904533538683127
8.968709309895834,0.9585634657830753
8.973795572916668,0.8600469421276262
8.9788818359375,0.8748269869460692
8.983968098958334,0.9883867769638086
8.989054361979168,0.8680316494885105
8.994140625,0.8938407441678956
8.999226888020834,1.0
9.004313151041668,0.9177775787374869
9.0093994140625,0.9455169562001497
9.014485677083334,0.9831644726355291
9.019571940104168,1.0
9.024658203125,0.9213712485319301
9.029744466145834,0.9654028605671212
9.034830729166668,0.9915958308767211
9.0399169921875,0.9654463868787831
9.045003255208334,0.907424010814751
9.050089518229168,1.0
9.05517578125,0.9658940687371073
9.060262044270834,1.0
9.065348307291668,1.0
9.0704345703125,0.9901082161339594
9.075520833333334,0.9972120360388007
9.080607096354168,0.865233885941989
9.085693359375,0.9716403328885375
9.090779622395834,0.9142350609466259
9.095865885416668,0.8534416387630196
9.1009521484375,0.971494869639896
9.106038411458334,0.9649181172416017
9.111124674479168,0.9217963741023956
9.1162109375,0.9885187190012646
9.121297200520834,0.9521865329692267
9.126383463541668,1.0
9.1314697265625,0.967921716729492
9.136555989583334,0.9601994509337544
9.141642252604168,0.9367356517635271
9.146728515625,0.9632269980239414
9.151814778645834,0.938669055936096
