tau_us,P_x,baseline
0.1999918619791666,0.9625951755776118,0.9625951755776118
0.205078125,0.9621989799979932,0.9621989799979932
0.2101643880208333,0.9618027863097197,0.9618027863097197
0.2152506510416666,0.9614065984529029,0.9614065984529029
0.2203369140625,0.9354590435130414,0.9610104216307533
0.2254231770833333,0.9573640493099219,0.9606142611195596
0.2305094401041666,0.9602181219400961,0.9602181219400961
0.235595703125,0.9598220090806353,0.9598220090806353
0.2406819661458333,0.9594259300546555,0.9594259300546555
0.2457682291666666,0.9590298945231752,0.9590298945231752
0.2508544921875,0.9586339134439613,0.9586339134439613
0.2559407552083333,0.9460927045052453,0.9582379993991981
0.2610270182291667,0.9538969986929926,0.9578421663831376
0.26611328125,0.9574464282685788,0.9574464282685788
0.2711995442708333,0.9570507988888692,0.9570507988888692
0.2762858072916667,0.9464918117755421,0.9566552951836447
0.2813720703125,0.9480257636309024,0.9562599353239769
0.2864583333333333,0.9558647373793034,0.9558647373793034
0.2915445963541667,0.9554697193367195,0.9554697193367195
0.296630859375,0.9550749000214543,0.9550749000214543
0.3017171223958333,0.9546802995225917,0.9546802995225917
0.3068033854166667,0.9542859404739849,0.9542859404739849
0.3118896484375,0.9538918473420546,0.9538918473420546
0.3169759114583333,0.953498044704136,0.953498044704136
0.3220621744791667,0.9531045576150876,0.9531045576150876
0.3271484375,0.9283438377035687,0.9527114149169066
0.3322347005208333,0.918942952271511,0.9523186467234638
0.3373209635416667,0.9519262829049544,0.9519262829049544
0.3424072265625,0.9515343529978166,0.9515343529978166
0.3474934895833333,0.951142888247862,0.951142888247862
0.3525797526041667,0.9507519239996628,0.9507519239996628
0.357666015625,0.9460250994382711,0.9503614980186483
0.3627522786458333,0.91829190797753,0.9499716503737847
0.3678385416666667,0.9101992621798506,0.949582421090674
0.3729248046875,0.9491938498781208,0.9491938498781208
0.3780110677083333,0.9488059760510982,0.9488059760510982
0.3830973307291667,0.9062331582809768,0.9484188403198812
0.38818359375,0.8901428078750839,0.948032483905278
0.3932698567708333,0.9448697486560762,0.9476469476062397
0.3983561197916667,0.9472622716428212,0.9472622716428212
0.4034423828125,0.9468784962073049,0.9468784962073049
0.4085286458333333,0.9464956658190411,0.9464956658190411
0.4136149088541667,0.946113829047534,0.946113829047534
0.418701171875,0.9370481619685651,0.9457330382641513
0.4237874348958333,0.9029061322715143,0.945353348151391
0.4288736979166667,0.9277993849003474,0.9449748133049028
0.4339599609375,0.9445974878958641,0.9445974878958641
0.4390462239583333,0.9442214259236977,0.9442214259236977
0.4441324869791667,0.9438466822901327,0.9438466822901327
0.44921875,0.9434733147105787,0.9434733147105787
0.4543050130208333,0.9427389380505676,0.943101382731897
0.4593912760416667,0.9427309476833229,0.9427309476833229
0.4644775390625,0.9423620708904673,0.9423620708904673
0.4695638020833333,0.9419948149115153,0.9419948149115153
0.4746500651041667,0.9416292449698858,0.9416292449698858
0.479736328125,0.9412654305603483,0.9412654305603483
0.4848225911458333,0.940903442796179,0.940903442796179
0.4899088541666667,0.9034772194173272,0.9405433533476929
0.4949951171875,0.8672763748811522,0.9401852340803079
0.5000813802083334,0.8866629672117189,0.9398291564887807
0.5051676432291667,0.9394751913387795,0.9394751913387795
0.51025390625,0.9081618151270762,0.9391234088643107
0.5153401692708334,0.855701399349697,0.9387738793319717
0.5204264322916667,0.8331417488101602,0.9384266726987441
0.5255126953125,0.8537931351527358,0.9380818580908851
0.5305989583333334,0.8109346012768075,0.9377395035818021
0.5356852213541667,0.7717356838912004,0.9373996764020156
0.540771484375,0.7309037760848535,0.937062442513997
0.5458577473958334,0.7073893052050957,0.9367278662235776
0.5509440104166667,0.6697596355894504,0.9363960097750027
0.5560302734375,0.6345850310669487,0.9360669331191311
0.5611165364583334,0.5171019783619663,0.9357406935404587
0.5662027994791667,0.42362468153940225,0.9354173453086619
0.5712890625,0.4169968634776,0.9350969385070301
0.5763753255208334,0.4469475781341715,0.9347795181009261
0.5814615885416667,0.4507863738239336,0.9344651238747118
0.5865478515625,0.47894226346893265,0.93415379073443
0.5916341145833334,0.5196787589990076,0.9338455487493357
0.5967203776041667,0.51494367701206,0.9335404234365687
0.601806640625,0.5113083204313041,0.9332384361716012
0.6068929036458334,0.5135415143526636,0.9329396041439375
0.6119791666666667,0.5179055827674839,0.932643940323781
0.6170654296875,0.5056015192848293,0.9323514534873538
0.6221516927083334,0.48744274653606434,0.9320621482634953
0.6272379557291667,0.47831591815791935,0.9317760250135447
0.63232421875,0.48905072961395996,0.9314930796526479
0.6374104817708334,0.5380249518206472,0.9312133035613491
0.6424967447916667,0.5536918338377099,0.9309366836957697
0.6475830078125,0.5594253683064498,0.9306632030801468
0.6526692708333334,0.5622287346308479,0.93039284096627
0.6577555338541667,0.6023232202915955,0.9301255728935497
0.662841796875,0.7140974032105081,0.9298613707197557
0.6679280598958334,0.7949833211694771,0.9296002030246344
0.6730143229166667,0.8537916355838682,0.929342036230292
0.6781005859375,0.8516746073881412,0.9290868354126663
0.6831868489583334,0.8487642524128522,0.9288345648921912
0.6882731119791667,0.8323686688219186,0.9285851882151778
0.693359375,0.8002904277053713,0.9283386681272345
0.6984456380208334,0.7878431058599326,0.9280949664118047
0.7035319010416667,0.8567522566234119,0.9278540435718486
0.7086181640625,0.9275346558276927,0.9276158587078086
0.7137044270833334,0.8829235731913924,0.9273803702091088
0.7187906901041667,0.8479843241589319,0.9271475364643615
0.723876953125,0.8303434167465098,0.9269173154176109
0.7289632161458334,0.87916463172638,0.9266896642212693
0.7340494791666667,0.8697690536873277,0.9264645390620098
0.7391357421875,0.8883052041534313,0.9262418956512551
0.7442220052083334,0.8394156620312022,0.9260216891334736
0.7493082682291667,0.8614274694121078,0.9258038742737662
0.75439453125,0.8913339475319794,0.9255884049711739
0.7594807942708334,0.9165413318814866,0.9253752344809735
0.7645670572916667,0.8764594754590469,0.9251643157158972
0.7696533203125,0.8740149698533362,0.9249556015003383
0.7747395833333334,0.8847445311501008,0.9247490441716417
0.7798258463541667,0.8887517008677236,0.9245445955577462
0.784912109375,0.8479029443289504,0.9243422070865448
0.7899983723958334,0.866477593906717,0.9241418298280023
0.7950846354166667,0.8627773465508758,0.9239434140876905
0.8001708984375,0.8983896052973278,0.9237469095945392
0.8052571614583334,0.8865773131269583,0.9235522654658173
0.8103434244791667,0.8958851825982646,0.9233594305652205
0.8154296875,0.8643422547315671,0.9231683533866955
0.8205159505208334,0.8520820499184192,0.9229789821494462
0.8256022135416667,0.849378186229,0.9227912644844155
0.8306884765625,0.8925333670418277,0.9226051473135771
0.8357747395833334,0.9042280764164371,0.922420576824774
0.8408610026041667,0.919587948904401,0.9222374989051311
0.845947265625,0.9145050105766408,0.9220558592598487
0.8510335286458334,0.9218756035676312,0.9218756035676312
0.8561197916666667,0.919809944428459,0.9216966774316749
0.8612060546875,0.9187560740043634,0.9215190281425469
0.8662923177083334,0.8986515497591039,0.9213426029719471
0.8713785807291667,0.9147563992461061,0.9211673491639458
0.87646484375,0.917385650243676,0.9209932137357029
0.8815511067708334,0.9175801899860083,0.9208201436402685
0.8866373697916667,0.9206480857946178,0.9206480857946178
0.8917236328125,0.8896742696183957,0.9204769870833256
0.8968098958333334,0.863152580690661,0.9203067953353531
0.9018961588541669,0.8775224889613914,0.9201374580716338
0.906982421875,0.8938038501000933,0.9199689222415595
0.9120686848958334,0.8914822968122458,0.9198011343683719
0.9171549479166669,0.8886188526938772,0.9196340407136623
0.9222412109375,0.9135385770775954,0.9194675872558336
0.9273274739583334,0.8944879048292741,0.9193017196631368
0.9324137369791669,0.9051354782415005,0.9191363835445329
0.9375,0.8995104397501806,0.9189715242608444
0.9425862630208334,0.8991305946995357,0.9188070870328853
0.9476725260416669,0.8750408052937974,0.9186430168868581
0.9527587890625,0.9111378337948065,0.9184792586522009
0.9578450520833334,0.9183157567223296,0.9183157567223296
0.9629313151041669,0.9076929690811983,0.9181524554172455
0.968017578125,0.8864269363859634,0.9179893001745286
0.9731038411458334,0.9136090841813826,0.9178262363271636
0.9781901041666669,0.9176632088925117,0.9176632088925117
0.9832763671875,0.9175001628457625,0.9175001628457625
0.9883626302083334,0.8904324341053833,0.9173370455952001
0.9934488932291669,0.8570577918204357,0.9171738050466771
0.99853515625,0.90358998965962,0.9170103888369996
1.0036214192708337,0.9034583897935109,0.9168467440018137
1.0087076822916667,0.9166828174425617,0.9166828174425617
1.0137939453125,0.9165185559268023,0.9165185559268023
1.0188802083333337,0.9163539086998767,0.9163539086998767
1.0239664713541667,0.8670333367098758,0.9161888280497694
1.029052734375,0.9145742271552199,0.9160232669429361
1.0341389973958337,0.9158571778542779,0.9158571778542779
1.0392252604166667,0.9131944014498085,0.915690513244205
1.0443115234375,0.9155232282730685,0.9155232282730685
1.0493977864583337,0.9153552780762577,0.9153552780762577
1.0544840494791667,0.9151866186472596,0.9151866186472596
1.0595703125,0.9150172099296178,0.9150172099296178
1.0646565755208337,0.9148470168755063,0.9148470168755063
1.0697428385416667,0.9093533848747607,0.9146760071419683
1.0748291015625,0.9002527955222421,0.9145041515610381
1.0799153645833337,0.8932557271666706,0.9143314209115243
1.0850016276041667,0.8893336777405045,0.9141577858297217
1.090087890625,0.89269819797045,0.9139832167411683
1.0951741536458337,0.9138076838231608,0.9138076838231608
1.1002604166666667,0.913631157040146,0.913631157040146
1.1053466796875,0.91345360778666,0.91345360778666
1.1104329427083337,0.9132750119919323,0.9132750119919323
1.1155192057291667,0.9130953472335974,0.9130953472335974
1.12060546875,0.9129145930160693,0.9129145930160693
1.1256917317708337,0.8948001051983149,0.9127327297516447
1.1307779947916667,0.9125497409829526,0.9125497409829526
1.1358642578125,0.9123656100732955,0.9123656100732955
1.1409505208333337,0.9121803220243625,0.9121803220243625
1.1460367838541667,0.9119938640204851,0.9119938640204851
1.151123046875,0.9016167311022354,0.9118062270813181
1.1562093098958337,0.8609408136630935,0.91161740272665
1.1612955729166667,0.859892597182387,0.9114273823743744
1.1663818359375,0.8956848756703928,0.9112361569356188
1.1714680989583337,0.911043716806163,0.911043716806163
1.1765543619791667,0.9108500522262741,0.9108500522262741
1.181640625,0.9106551569265058,0.9106551569265058
1.1867268880208337,0.9104590283079123,0.9104590283079123
1.1918131510416667,0.9102616670486988,0.9102616670486988
1.1968994140625,0.9100630765884422,0.9100630765884422
1.2019856770833337,0.9014167535926698,0.9098632633682888
1.2070719401041667,0.8908241047151422,0.9096622357593074
1.212158203125,0.8951706433013078,0.9094600020481014
1.2172444661458337,0.9092565703328932,0.9092565703328932
1.2223307291666667,0.9090519485690115,0.9090519485690115
1.2274169921875,0.8900275438753892,0.9088461458476298
1.2325032552083337,0.893683305706122,0.908639171370971
1.2375895182291667,0.9084310341530725,0.9084310341530725
1.24267578125,0.9082217430584122,0.9082217430584122
1.2477620442708337,0.9080113091712853,0.9080113091712853
1.2528483072916667,0.9077997459916426,0.9077997459916426
1.2579345703125,0.8962676974182786,0.9075870706575618
1.2630208333333337,0.8805463803333549,0.9073733005204693
1.2681070963541667,0.9023539422674456,0.9071584528185979
1.273193359375,0.8789270392688343,0.9069425445219108
1.2782796223958337,0.8439969815516393,0.9067255925523267
1.2833658854166667,0.8478651682407845,0.9065076135516087
1.2884521484375,0.8564207652828923,0.9062886235342341
1.2935384114583337,0.8782821322653742,0.9060686379282556
1.2986246744791667,0.8634138934859388,0.9058476716630476
1.3037109375,0.898283231252065,0.905625739390119
1.3087972005208337,0.9054028553366416,0.9054028553366416
1.3138834635416667,0.9051790336563613,0.9051790336563613
1.3189697265625,0.9049542892332608,0.9049542892332608
1.3240559895833337,0.8892626026139903,0.9047286384432578
1.3291422526041667,0.8723884592329725,0.9045020988867821
1.334228515625,0.9042746880096036,0.9042746880096036
1.3393147786458337,0.9040464229363557,0.9040464229363557
1.3444010416666667,0.9038173217008172,0.9038173217008172
1.3494873046875,0.8933017321649968,0.9035874091230214
1.3545735677083337,0.9033567123987136,0.9033567123987136
1.3596598307291667,0.8976729312434546,0.9031252586207822
1.36474609375,0.9028930752126729,0.9028930752126729
1.3698323567708337,0.9026601895433084,0.9026601895433084
1.3749186197916667,0.9024266291754743,0.9024266291754743
1.3800048828125,0.8832980452872338,0.9021924246481667
1.3850911458333337,0.9010752773536406,0.9019576086748405
1.3901774088541667,0.9017222137800075,0.9017222137800075
1.395263671875,0.9014862724793555,0.9014862724793555
1.4003499348958337,0.9012498192917029,0.9012498192917029
1.4054361979166667,0.901012891510505,0.901012891510505
1.4105224609375,0.9007755299199707,0.9007755299199707
1.4156087239583337,0.9005377790230727,0.9005377790230727
1.4206949869791667,0.8554154467189408,0.9002996856661745
1.42578125,0.84869889290843,0.9000612977970681
1.4308675130208337,0.8787998705475742,0.899822662914704
1.4359537760416667,0.899583828004408,0.899583828004408
1.4410400390625,0.8744720113186695,0.899344839841278
1.4461263020833337,0.8636783905153913,0.8991057465967244
1.4512125651041667,0.8607571282304864,0.8988665961934288
1.456298828125,0.8702148646396358,0.8986274361997997
1.4613850911458337,0.8552587864341806,0.8983883138031505
1.4664713541666667,0.8591782880135135,0.8981492759066694
1.4715576171875,0.8860181488920789,0.8979103689822489
1.4766438802083337,0.8976716391120718,0.8976716391120718
1.4817301432291667,0.8848221590242298,0.8974331322593987
1.48681640625,0.8519037369904491,0.8971948946815183
1.4919026692708337,0.8620361113033946,0.8969569725096095
1.4969889322916667,0.8948837523106595,0.8967194114219398
1.5020751953125,0.8964822567475681,0.8964822567475681
1.5071614583333337,0.8962455537971967,0.8962455537971967
1.5122477213541667,0.872006141024722,0.8960093491687828
1.517333984375,0.8203137630373003,0.8957736897161175
1.5224202473958337,0.8176832429534128,0.8955386220529593
1.5275065104166667,0.8595435460948605,0.8953041920384679
1.5325927734375,0.8950704447532492,0.8950704447532492
1.5376790364583337,0.8948374249203023,0.8948374249203023
1.5427652994791667,0.8946051825909382,0.8946051825909382
1.5478515625,0.8750204763022686,0.8943737742486877
1.5529378255208337,0.8809576100173048,0.8941432605153896
1.5580240885416667,0.8843998425503479,0.8939137018193504
1.5631103515625,0.8936851584570199,0.8936851584570199
1.5681966145833337,0.8907139749118781,0.8934576906297091
1.5732828776041667,0.8932313602538011,0.8932313602538011
1.578369140625,0.8888156951097169,0.8930062292182418
1.5834554036458337,0.8927823603532133,0.8927823603532133
1.5885416666666667,0.8925598164469926,0.8925598164469926
1.5936279296875,0.8811950191425335,0.8923386642414272
1.5987141927083337,0.8637811405616794,0.8921189720170469
1.6038004557291667,0.8919008079429449,0.8919008079429449
1.60888671875,0.8538723653896396,0.891684239904836
1.6139729817708337,0.8427849222398475,0.8914693364129079
1.6190592447916667,0.8626105706394906,0.8912561655992297
1.6241455078125,0.8900028585680936,0.8910447951090261
1.6292317708333337,0.820483391333206,0.8908352923010663
1.6343180338541667,0.806861168695077,0.8906277245236998
1.639404296875,0.8625774681221068,0.8904221584217572
1.6444905598958337,0.8902186598024037,0.8902186598024037
1.6495768229166667,0.8488338779950003,0.8900172941943575
1.6546630859375,0.8256561389017786,0.8898181281486585
1.6597493489583337,0.8298227309896229,0.8896212278045122
1.6648356119791667,0.8555381199402625,0.8894266586595049
1.669921875,0.8594307990702174,0.889234485613237
1.6750081380208337,0.8744816393748271,0.8890447732264242
1.6800944010416667,0.8233736978088119,0.8888575857617451
1.6851806640625,0.8201056356819999,0.8886729873362469
1.6902669270833337,0.8613024733989638,0.8884910414121383
1.6953531901041667,0.8323440513564596,0.8883118107659541
1.700439453125,0.8191463193768521,0.8881353579023437
1.7055257161458337,0.8190230896377257,0.8879617447662789
1.7106119791666667,0.8327014623368096,0.8877910326128411
1.7156982421875,0.7900489484473928,0.8876232820077251
1.7207845052083337,0.7771663833797944,0.8874585529657302
1.7258707682291667,0.8131999518770454,0.8872969045259123
1.73095703125,0.8211832056543319,0.8871383946244055
1.7360432942708337,0.8221223572437654,0.8869830804563744
1.7411295572916667,0.8067637794136232,0.886831018557432
1.7462158203125,0.771619671583292,0.8866822648145838
1.7513020833333337,0.6976277906146268,0.8865368743141632
1.7563883463541667,0.5859843981593109,0.8863949009918775
1.761474609375,0.4565595690258023,0.8862563968943432
1.7665608723958337,0.31523873886128206,0.886121411064072
1.7716471354166667,0.2369287421811468,0.8859899882466072
1.7767333984375,0.27125079508015226,0.8858621674786654
1.7818196614583337,0.3583469148286244,0.8857379813063506
1.7869059244791667,0.4834635108591218,0.8856174561296533
1.7919921875,0.5399380056051869,0.8855006130746531
1.7970784505208337,0.5249129239907674,0.8853874692458903
1.8021647135416667,0.49443667417203424,0.8852780382922791
1.8072509765625,0.41888770153422916,0.8851723302579881
1.8123372395833337,0.38698963739397807,0.8850703512787726
1.8174235026041667,0.4297411554587705,0.8849721028275415
1.822509765625,0.520861016092884,0.8848775813963965
1.8275960286458337,0.49594304192451905,0.88478677892513
1.8326822916666667,0.47632252761267224,0.884699683713369
1.8377685546875,0.4501295166481755,0.8846162801723028
1.8428548177083337,0.47077536084979554,0.8845365486293494
1.8479410807291667,0.4614646214384202,0.8844604650670591
1.85302734375,0.474845671488923,0.8843880013303705
1.8581136067708337,0.4706100661895204,0.8843191250342637
1.8631998697916667,0.48892465805990437,0.8842537996982955
1.8682861328125,0.49584560722585663,0.8841919847049322
1.8733723958333337,0.4807336005699281,0.8841336354833484
1.8784586588541667,0.475300338954387,0.8840787035792554
1.883544921875,0.4560302700414958,0.8840271365043639
1.8886311848958337,0.4513221044036866,0.8839788776826007
1.8937174479166667,0.44408616598076456,0.8839338662579245
1.8988037109375,0.48742972609234647,0.8838920370477258
1.9038899739583337,0.5166850883916548,0.8838533204709182
1.9089762369791667,0.5594490264780294,0.8838176429817923
1.9140625,0.5774585430081145,0.8837849273629563
1.9191487630208337,0.6223852339741217,0.883755093153332
1.9242350260416667,0.5869295601136365,0.8837280568285777
1.9293212890625,0.5618833226231696,0.883703732250653
1.9344075520833337,0.4804479017172833,0.8836820303135325
1.9394938151041667,0.4380703325364987,0.8836628586929869
1.944580078125,0.4227927327897645,0.8836461210324453
1.9496663411458337,0.4628223971284783,0.8836317165194121
1.9547526041666667,0.5335142768252927,0.8836195397328575
1.9598388671875,0.6524955166216999,0.8836094810436583
1.9649251302083337,0.7498616146506988,0.8836014273216393
1.9700113932291667,0.7702302504159864,0.8835952631254853
1.97509765625,0.7915411439007735,0.8835908716764829
1.9801839192708337,0.8388271775383881,0.883588135062269
1.9852701822916667,0.8835869344499828,0.8835869344499828
1.9903564453125,0.8835871505591543,0.8835871505591543
1.9954427083333337,0.8835886651834236,0.8835886651834236
2.000528971354167,0.8818304899094027,0.8835913636614855
2.005615234375,0.8796583688304451,0.8835951355853543
2.0107014973958335,0.8835998705294353,0.8835998705294353
2.015787760416667,0.8836054580287663,0.8836054580287663
2.0208740234375,0.8836117893347976,0.8836117893347976
2.0259602864583335,0.8836187606941852,0.8836187606941852
2.031046549479167,0.8520673579610157,0.8836262726591951
2.0361328125,0.817279946106344,0.8836342258926767
2.0412190755208335,0.8707230647457787,0.8836425207418902
2.046305338541667,0.883651056890553,0.883651056890553
2.0513916015625,0.8836597338931879,0.8836597338931879
2.0564778645833335,0.8836684560782965,0.8836684560782965
2.061564127604167,0.8836771346995425,0.8836771346995425
2.066650390625,0.8836856852570489,0.8836856852570489
2.0717366536458335,0.8790024489060692,0.8836940256924423
2.076822916666667,0.8837020744036124,0.8837020744036124
2.0819091796875,0.8837097497415333,0.8837097497415333
2.0869954427083335,0.8837017473056173,0.8837169707234926
2.092081705729167,0.8837236578970881,0.8837236578970881
2.09716796875,0.8837297318097649,0.8837297318097649
2.1022542317708335,0.8837351160086575,0.8837351160086575
2.107340494791667,0.8837397383075705,0.8837397383075705
2.1124267578125,0.8837435309179571,0.8837435309179571
2.1175130208333335,0.8837464278246941,0.8837464278246941
2.122599283854167,0.8837483636055121,0.8837483636055121
2.127685546875,0.8837492742153976,0.8837492742153976
2.1327718098958335,0.883749098911591,0.883749098911591
2.137858072916667,0.8681032696289264,0.8837477801033763
2.1429443359375,0.8211160863517231,0.8837452610648735
2.1480305989583335,0.8598092886080582,0.8837414849137575
2.153116861979167,0.8837363941414114,0.8837363941414114
2.158203125,0.8837299309998966,0.8837299309998966
2.1632893880208335,0.8673568440336378,0.8837220388166052
2.168375651041667,0.8709090813186164,0.8837126618768656
2.1734619140625,0.8524759944435184,0.8837017443023544
2.1785481770833335,0.8531415292975429,0.883689230086712
2.183634440104167,0.8836750629113217,0.8836750629113217
2.188720703125,0.8836591861520896,0.8836591861520896
2.1938069661458335,0.8836415467398908,0.8836415467398908
2.198893229166667,0.8555466816182999,0.8836220928058699
2.2039794921875,0.8836007730466987,0.8836007730466987
2.2090657552083335,0.809082083300066,0.883577535878295
2.214152018229167,0.8703650225462984,0.8835523297766763
2.21923828125,0.8835251024729057,0.8835251024729057
2.2243245442708335,0.883495801566173,0.883495801566173
2.229410807291667,0.878031960422507,0.8834643778283529
2.2344970703125,0.8561285821642401,0.883430787532793
2.2395833333333335,0.8833949868985167,0.8833949868985167
2.244669596354167,0.8833569318715254,0.8833569318715254
2.249755859375,0.8833165820128672,0.8833165820128672
2.2548421223958335,0.8561465609364811,0.8832739021308805
2.259928385416667,0.8601664130896363,0.8832288589115976
2.2650146484375,0.852806767374805,0.8831814187697771
2.2701009114583335,0.829874691816389,0.8831315478895533
2.275187174479167,0.8406367958137795,0.8830792121513141
2.2802734375,0.8622824029850702,0.8830243769028789
2.2853597005208335,0.882967007067643,0.882967007067643
2.290445963541667,0.882907067361582,0.882907067361582
2.2955322265625,0.8828445235608099,0.8828445235608099
2.3006184895833335,0.8760969086583421,0.8827793441239987
2.305704752604167,0.8581052053822886,0.8827115004125655
2.310791015625,0.8577964876161512,0.882640963721103
2.3158772786458335,0.8755847240248683,0.8825677050981411
2.320963541666667,0.8381289564759583,0.8824916953437647
2.3260498046875,0.8675135750144645,0.8824129051882292
2.3311360677083335,0.8790935158955132,0.8823313049181626
2.336222330729167,0.8822468646711996,0.8822468646711996
2.34130859375,0.8443944465857267,0.8821595545525973
2.3463948567708335,0.8820693452251882,0.8820693452251882
2.351481119791667,0.8819762069741542,0.8819762069741542
2.3565673828125,0.881880111068552,0.881880111068552
2.3616536458333335,0.8627128296076915,0.8817810329003404
2.366739908854167,0.8816172549595757,0.8816789521250351
2.371826171875,0.88157384820747,0.88157384820747
2.3769124348958335,0.8761924515737007,0.8814657006118616
2.381998697916667,0.857773558187406,0.8813544893784923
2.3870849609375,0.8758663668390191,0.8812401944949116
2.3921712239583335,0.8593378236560285,0.8811227957128601
2.397257486979167,0.8571579619351324,0.8810022727303396
2.40234375,0.8808786050275026,0.8808786050275026
2.4074300130208335,0.8807517718460582,0.8807517718460582
2.412516276041667,0.8806217534780216,0.8806217534780216
2.4176025390625,0.8804885308938897,0.8804885308938897
2.4226888020833335,0.8725345175618078,0.8803520857571138
2.427775065104167,0.822623251089897,0.8802124017218433
2.432861328125,0.8065488006814803,0.8800694623640519
2.4379475911458335,0.845377233523787,0.8799232506838218
2.443033854166667,0.8736815014890239,0.8797737489460288
2.4481201171875,0.8796209390700882,0.8796209390700882
2.4532063802083335,0.8794648029144929,0.8794648029144929
2.458292643229167,0.8706180984124285,0.879305324446392
2.46337890625,0.879142487780838,0.879142487780838
2.4684651692708335,0.8789762769460113,0.8789762769460113
2.473551432291667,0.8788066764146926,0.8788066764146926
2.4786376953125,0.8727332001112358,0.8786336719277474
2.4837239583333335,0.8707606478647136,0.8784572493132828
2.488810221354167,0.878277394340401,0.878277394340401
2.493896484375,0.878094092701238,0.878094092701238
2.4989827473958335,0.8770110678371674,0.8779073302219051
2.504069010416667,0.8711012238289118,0.8777170941406969
2.5091552734375,0.8775233716869447,0.8775233716869447
2.5142415364583335,0.8773261500238214,0.8773261500238214
2.519327799479167,0.8771254170052989,0.8771254170052989
2.5244140625,0.8769211624561075,0.8769211624561075
2.5295003255208335,0.8767133794125554,0.8767133794125554
2.534586588541667,0.8765020634267686,0.8765020634267686
2.5396728515625,0.8762872154149031,0.8762872154149031
2.5447591145833335,0.8528813389455825,0.8760688381385823
2.549845377604167,0.875846935823396,0.875846935823396
2.554931640625,0.8756215124630593,0.8756215124630593
2.5600179036458335,0.8753925760038965,0.8753925760038965
2.565104166666667,0.8433723952083594,0.8751601399630142
2.5701904296875,0.874924219365678,0.874924219365678
2.5752766927083335,0.874684828919276,0.874684828919276
2.580362955729167,0.8744419835277732,0.8744419835277732
2.58544921875,0.8601092336587891,0.8741957030792611
2.5905354817708335,0.8739460113631786,0.8739460113631786
2.595621744791667,0.8736929320281007,0.8736929320281007
2.6007080078125,0.8734364890710926,0.8734364890710926
2.6057942708333335,0.8348506297843115,0.8731767092042415
2.610880533854167,0.8729136223155826,0.8729136223155826
2.615966796875,0.8726472579098902,0.8726472579098902
2.6210530598958335,0.8723776456174348,0.8723776456174348
2.626139322916667,0.8721048170774978,0.8721048170774978
2.6312255859375,0.8718288079369434,0.8718288079369434
2.6363118489583335,0.8715496553827349,0.8715496553827349
2.641398111979167,0.866350328520421,0.8712674005117939
2.646484375,0.8709820849233599,0.8709820849233599
2.6515706380208335,0.8706937501675017,0.8706937501675017
2.656656901041667,0.8704024378522005,0.8704024378522005
2.6617431640625,0.8701081934275641,0.8701081934275641
2.6668294270833335,0.8698110646076218,0.8698110646076218
2.671915690104167,0.8695110997443886,0.8695110997443886
2.677001953125,0.8692083493539651,0.8692083493539651
2.6820882161458335,0.8689028681322944,0.8689028681322944
2.687174479166667,0.860443420793227,0.8685947144108015
2.6922607421875,0.8297769777047374,0.8682839478845269
2.6973470052083335,0.8357151311332821,0.8679706281669989
2.702433268229167,0.8676548144866755,0.8676548144866755
2.70751953125,0.86733656574946,0.86733656574946
2.7126057942708335,0.8533525391896131,0.8670159424307357
2.717692057291667,0.8529438002617669,0.8666930067714547
2.7227783203125,0.8663678208759349,0.8663678208759349
2.7278645833333335,0.8660404467110026,0.8660404467110026
2.732950846354167,0.8398254306619746,0.8657109488510852
2.738037109375,0.8422127347558688,0.8653793934657588
2.7431233723958335,0.8650458464657435,0.8650458464657435
2.748209635416667,0.8647103735300934,0.8647103735300934
2.7532958984375,0.8643730422197922,0.8643730422197922
2.7583821614583335,0.8640339226561358,0.8640339226561358
2.763468424479167,0.8636930882748253,0.8636930882748253
2.7685546875,0.8225172411628411,0.8633506171411273
2.7736409505208335,0.8351379315442172,0.863006589074967
2.778727213541667,0.8531466443277902,0.8626610834879356
2.7838134765625,0.8361015511194145,0.8623141795129383
2.7888997395833335,0.8520846706001344,0.8619659561877353
2.793986002604167,0.8616164922879611,0.8616164922879611
2.799072265625,0.8612658664904371,0.8612658664904371
2.8041585286458335,0.8318399688045849,0.8609141607629257
2.809244791666667,0.8242568974546066,0.8605614599892397
2.8143310546875,0.850485686831658,0.8602078487624499
2.8194173177083335,0.8598534113125818,0.8598534113125818
2.824503580729167,0.8594982317724389,0.8594982317724389
2.82958984375,0.8591423951381285,0.8591423951381285
2.8346761067708335,0.8524506607686401,0.858785987468866
2.839762369791667,0.7725989811586186,0.8584290965946455
2.8448486328125,0.768287859230077,0.8580718102821077
2.8499348958333335,0.8182229408952915,0.8577142154395923
2.855021158854167,0.8573563980775993,0.8573563980775993
2.860107421875,0.8569984438117164,0.8569984438117164
2.8651936848958335,0.8566404409446541,0.8566404409446541
2.870279947916667,0.8431612248807907,0.856282483835328
2.8753662109375,0.8551101976651656,0.855924670532914
2.8804524739583335,0.855567098955375,0.855567098955375
2.885538736979167,0.8402769904355375,0.8552098670125294
2.890625,0.8410776717478144,0.8548530738290101
2.8957112630208335,0.854496818380121,0.854496818380121
2.900797526041667,0.8541411995034122,0.8541411995034122
2.9058837890625,0.8537863180549251,0.8537863180549251
2.9109700520833335,0.8534322764506816,0.8534322764506816
2.916056315104167,0.8530791806879633,0.8530791806879633
2.921142578125,0.7939023774082369,0.8527271425403187
2.9262288411458335,0.7631539503850133,0.852376275679875
2.931315104166667,0.7857928023334629,0.852026693190512
2.9364013671875,0.8318814511588271,0.8516785072638863
2.9414876302083335,0.8513318294293153,0.8513318294293153
2.946573893229167,0.8509867710181463,0.8509867710181463
2.95166015625,0.8069912064017801,0.8506434458616595
2.9567464192708335,0.7226324376685748,0.8503019678341698
2.961832682291667,0.6089292682859537,0.8499624503734697
2.9669189453125,0.4558760163220409,0.8496250056406566
2.9720052083333335,0.3448431632623015,0.8492897433864959
2.977091471354167,0.2403208167575382,0.8489567694242635
2.982177734375,0.21947381159496168,0.8486261845227691
2.9872639973958335,0.2959336756444687,0.8482980833644632
2.992350260416667,0.4729246438360374,0.8479725543402726
2.9974365234375,0.6060077108996389,0.84764968031748
3.0025227864583335,0.6822475338751419,0.8473295404128889
3.007609049479167,0.7720522495513347,0.8470122113268832
3.0126953125,0.8279895644510888,0.8466977681090269
3.0177815755208335,0.8463862850592841,0.8463862850592841
3.022867838541667,0.7755312236405433,0.8460778362905375
3.0279541015625,0.6941736603403992,0.8457724975441046
3.0330403645833335,0.5191496242231535,0.8454703438558374
3.038126627604167,0.43620984108717387,0.8451714487455995
3.043212890625,0.39879499890023684,0.8448758824700471
3.0482991536458335,0.4133972889634098,0.8445837111962207
3.053385416666667,0.4012395452626606,0.8442949966303515
3.0584716796875,0.45629975242495824,0.8440097961668068
3.0635579427083335,0.51800982982823,0.8437281627693994
3.068644205729167,0.5223860787286403,0.8434501455248415
3.07373046875,0.49284107700507385,0.8431757902626623
3.0788167317708335,0.49616155636657244,0.84290513960175
3.083902994791667,0.4937086818203934,0.8426382326576457
3.0889892578125,0.45213386848463893,0.8423751050784549
3.0940755208333335,0.44478525558353305,0.8421157890229878
3.099161783854167,0.49624026275745436,0.8418603127476415
3.104248046875,0.5213368311150958,0.8416087005355086
3.1093343098958335,0.4887053855994542,0.8413609732134808
3.114420572916667,0.47615914251824126,0.8411171484057309
3.1195068359375,0.494121110662161,0.8408772402098763
3.1245930989583335,0.5084191830466752,0.8406412590739538
3.129679361979167,0.48796776239373824,0.8404092119784392
3.134765625,0.4831115923392958,0.8401811025815876
3.1398518880208335,0.45834338174993905,0.8399569310172397
3.144938151041667,0.45346944064422023,0.839736693848541
3.1500244140625,0.4889839233258637,0.8395203838225019
3.1551106770833335,0.5056494713642278,0.8393079898234601
3.160196940104167,0.5470613487664341,0.8390994972303888
3.165283203125,0.4928417159196266,0.8388948880856759
3.1703694661458335,0.47577867750939157,0.838694141511328
3.175455729166667,0.4544400627553584,0.8384972331688201
3.1805419921875,0.5125292040016709,0.8383041350904723
3.1856282552083335,0.5498532363075104,0.8381148154680332
3.190714518229167,0.5874235378993125,0.8379292392355023
3.19580078125,0.6372016589811409,0.8377473684442633
3.2008870442708335,0.6284369621689891,0.8375691626406431
3.205973307291667,0.6834577214188234,0.8373945793655111
3.2110595703125,0.6767085940138953,0.8372235740684152
3.2161458333333335,0.6995257568320459,0.8370561006595341
3.221232096354167,0.6882696341261196,0.8368921114438967
3.226318359375,0.7381783482588581,0.8367315573512292
3.2314046223958335,0.7139295230872331,0.8365743878250322
3.236490885416667,0.6763943961866377,0.836420551323275
3.2415771484375,0.6256727417958564,0.8362699950774778
3.2466634114583335,0.5738658975632629,0.8361226647189001
3.251749674479167,0.5365626379685677,0.835978503772828
3.2568359375,0.4860449701289602,0.8358374531419807
3.2619222005208335,0.4488965508487358,0.835699450734918
3.267008463541667,0.47772304703048263,0.8355644309622756
3.2720947265625,0.5732792313304287,0.8354323243666597
3.2771809895833335,0.6734689194963932,0.8353030579122631
3.282267252604167,0.7193033907099415,0.8351765559417471
3.287353515625,0.7504367719434357,0.8350527411794322
3.2924397786458335,0.7429698969982905,0.8349315351909066
3.297526041666667,0.7503041837356629,0.8348128586955993
3.3026123046875,0.7834589707892026,0.834696631493323
3.3076985677083335,0.8110457905977342,0.8345827725388032
3.312784830729167,0.8304304315384083,0.8344712002743895
3.31787109375,0.8343618329070612,0.8343618329070612
3.3229573567708335,0.8342545886033904,0.8342545886033904
3.328043619791667,0.8341493876348803,0.8341493876348803
3.3331298828125,0.8340461521850759,0.8340461521850759
3.3382161458333335,0.8258272366903272,0.8339448058114624
3.343302408854167,0.7925065458070581,0.8338452723830101
3.348388671875,0.8137214183618393,0.8337474756875141
3.3534749348958335,0.8239972325876969,0.8336513390993819
3.358561197916667,0.8335567857927606,0.8335567857927606
3.3636474609375,0.8107316925257724,0.8334637388452559
3.3687337239583335,0.7950503037358084,0.8333721227238893
3.373819986979167,0.7788145842530829,0.8332818616683615
3.37890625,0.8331928795351554,0.8331928795351554
3.3839925130208335,0.8331050996360808,0.8331050996360808
3.389078776041667,0.8330184482224818,0.8330184482224818
3.3941650390625,0.7958301283448218,0.832932859556387
3.3992513020833335,0.7989971097974976,0.8328482743855924
3.404337565104167,0.8108655954507278,0.8327646330868668
3.409423828125,0.8326818756984675,0.8326818756984675
3.4145100911458335,0.7781385623232084,0.8325999420396613
3.419596354166667,0.8055895522102774,0.8325187730707005
3.4246826171875,0.8217747499957966,0.8324383092072243
3.4297688802083335,0.8323584905955791,0.8323584905955791
3.434855143229167,0.8322792572754758,0.8322792572754758
3.43994140625,0.8247048818105186,0.8322005535633179
3.4450276692708335,0.7999828522179583,0.8321223274117591
3.450113932291667,0.7892103499559532,0.8320445266984964
3.4552001953125,0.8249293734566945,0.8319670989798322
3.4602864583333335,0.831889991383727,0.831889991383727
3.465372721354167,0.8258693661168387,0.831813150967764
3.470458984375,0.8234176057267842,0.8317365253428208
3.4755452473958335,0.8080491520742564,0.8316600620603372
3.480631510416667,0.8250229154016782,0.8315837085885636
3.4857177734375,0.8043569269245455,0.8315074121596415
3.4908040364583335,0.805407131921097,0.8314311199401043
3.495890299479167,0.8004775781519605,0.8313547788249803
3.5009765625,0.8312783354490583,0.8312783354490583
3.5060628255208335,0.8287767363558324,0.8312017361383548
3.511149088541667,0.8311249282308228,0.8311249282308228
3.5162353515625,0.8310478590401653,0.8310478590401653
3.5213216145833335,0.8309704761590261,0.8309704761590261
3.526407877604167,0.8263488982856132,0.8308927291712755
3.531494140625,0.8206562258280459,0.8308145678729121
3.5365804036458335,0.818436860774382,0.8307359420144954
3.541666666666667,0.820066805781861,0.8306568012450022
3.5467529296875,0.8305770950904183,0.8305770950904183
3.5518391927083335,0.8304967729708295,0.8304967729708295
3.556925455729167,0.7855082724579042,0.8304157857700368
3.56201171875,0.8303340844914943,0.8303340844914943
3.5670979817708335,0.8302516196895806,0.8302516196895806
3.572184244791667,0.8301683419985457,0.8301683419985457
3.5772705078125,0.8100712242507203,0.8300842030929894
3.5823567708333335,0.8299991552404027,0.8299991552404027
3.587443033854167,0.8299131505081472,0.8299131505081472
3.592529296875,0.8298261430575251,0.8298261430575251
3.5976155598958335,0.8257341079417385,0.8297380901384268
3.602701822916667,0.8296489510138461,0.8296489510138461
3.6077880859375,0.8295586849067361,0.8295586849067361
3.6128743489583335,0.8294672533964629,0.8294672533964629
3.617960611979167,0.8293746204729268,0.8293746204729268
3.623046875,0.829280753968326,0.829280753968326
3.6281331380208335,0.8291856223261561,0.8291856223261561
3.633219401041667,0.8290891943066212,0.8290891943066212
3.6383056640625,0.8289914403914064,0.8289914403914064
3.6433919270833335,0.8288923347067652,0.8288923347067652
3.648478190104167,0.8287918548211873,0.8287918548211873
3.653564453125,0.8286899816761135,0.8286899816761135
3.6586507161458335,0.8099442285041483,0.8285867007547081
3.663736979166667,0.8284819983448394,0.8284819983448394
3.6688232421875,0.8283758605479512,0.8283758605479512
3.6739095052083335,0.8282682737990998,0.8282682737990998
3.678995768229167,0.828159226888599,0.828159226888599
3.68408203125,0.8182235546933656,0.8280487129201337
3.6891682942708335,0.7801266285780013,0.8279367258206054
3.694254557291667,0.757564888243005,0.8278232594186636
3.6993408203125,0.7361724122937918,0.827708307064857
3.7044270833333335,0.7623868894656964,0.8275918614071507
3.709513346354167,0.7941040433097234,0.8274739141781506
3.714599609375,0.8071421791927034,0.8273544564584132
3.7196858723958335,0.8268326842166005,0.8272334789947958
3.724772135416667,0.8271109723320335,0.8271109723320335
3.7298583984375,0.8269869270108529,0.8269869270108529
3.7349446614583335,0.7951187280803445,0.8268613369749596
3.740030924479167,0.8084271154536534,0.8267341972238235
3.7451171875,0.8266055024394889,0.8266055024394889
3.7502034505208335,0.8264752471209291,0.8264752471209291
3.755289713541667,0.8263434303468292,0.8263434303468292
3.7603759765625,0.8262100580626329,0.8262100580626329
3.7654622395833335,0.8241440847017082,0.8260751395652611
3.770548502604167,0.8259386855871805,0.8259386855871805
3.775634765625,0.8258007068415476,0.8258007068415476
3.7807210286458335,0.8256612150419429,0.8256612150419429
3.785807291666667,0.8032885240499146,0.8255202230351247
3.7908935546875,0.7840169188989332,0.8253777455972711
3.7959798177083335,0.7838872218957252,0.8252337972822427
3.801066080729167,0.8244612150112545,0.8250883922302923
3.80615234375,0.824941544168207,0.824941544168207
3.8112386067708335,0.8247932668165021,0.8247932668165021
3.816324869791667,0.7955058558474899,0.8246435746140196
3.8214111328125,0.8244924837766401,0.8244924837766401
3.8264973958333335,0.8209843850978329,0.8243400102288669
3.831583658854167,0.8241861704641423,0.8241861704641423
3.836669921875,0.8240309809423523,0.8240309809423523
3.8417561848958335,0.823874461409752,0.823874461409752
3.846842447916667,0.7704350292780622,0.8237166317578919
3.8519287109375,0.7591716221470126,0.8235575121204847
3.8570149739583335,0.7630538578607866,0.8233971220984271
3.862101236979167,0.7554504767406364,0.8232354806487572
3.8671875,0.7868008714127854,0.8230726061250802
3.8722737630208335,0.8143492227352793,0.8229085162031513
3.877360026041667,0.8227432281960089,0.8227432281960089
3.8824462890625,0.8225767593310982,0.8225767593310982
3.8875325520833335,0.8224091284192836,0.8224091284192836
3.892618815104167,0.8201917376558107,0.8222403555393027
3.897705078125,0.7906172411303969,0.8220704632560955
3.9027913411458335,0.7532634730118073,0.8218994741141153
3.907877604166667,0.7479933800407331,0.8217274103432839
3.9129638671875,0.782138116822394,0.8215542934871625
3.9180501302083335,0.8213801443519724,0.8213801443519724
3.923136393229167,0.8055651956330017,0.821204983349773
3.92822265625,0.8210288315590155,0.8210288315590155
3.9333089192708335,0.8208517099017536,0.8208517099017536
3.938395182291667,0.8156044219515559,0.8206736417625928
3.9434814453125,0.8107227492230108,0.8204946522799516
3.9485677083333335,0.8203147665415561,0.8203147665415561
3.953653971354167,0.8201340095374138,0.8201340095374138
3.958740234375,0.7921925821292813,0.8199524134661741
3.9638264973958335,0.8078128420543806,0.8197700142195626
3.968912760416667,0.8195868474117065,0.8195868474117065
3.9739990234375,0.8194029485371612,0.8194029485371612
3.9790852864583335,0.8192183552288891,0.8192183552288891
3.984171549479167,0.8190331098315172,0.8190331098315172
3.9892578125,0.8188472568255717,0.8188472568255717
3.9943440755208335,0.8186608451876849,0.8186608451876849
3.999430338541667,0.8184739245244876,0.8184739245244876
4.0045166015625,0.8182865465788736,0.8182865465788736
4.009602864583334,0.7844208580313355,0.8180987643822992
4.014689127604167,0.8071309810601406,0.8179106322445937
4.019775390625,0.8177222041388068,0.8177222041388068
4.024861653645834,0.8175335339301918,0.8175335339301918
4.029947916666667,0.817093083199677,0.8173446798618564
4.0350341796875,0.8105740405695951,0.8171557003977622
4.040120442708334,0.816966653999355,0.816966653999355
4.045206705729167,0.7814491387991025,0.8167775990622638
4.05029296875,0.8165885945110843,0.8165885945110843
4.055379231770834,0.8163996989171274,0.8163996989171274
4.060465494791667,0.8162109723593161,0.8162109723593161
4.0655517578125,0.8160224779547991,0.8160224779547991
4.070638020833334,0.8098607466474861,0.8158342827202489
4.075724283854167,0.7724399569413811,0.8156464558195164
4.080810546875,0.7964661556536462,0.8154590663567173
4.085896809895834,0.8152721830039019,0.8152721830039019
4.090983072916667,0.8150858742431917,0.8150858742431917
4.0960693359375,0.8068895962723035,0.8149002095399331
4.101155598958334,0.8147152603400414,0.8147152603400414
4.106241861979167,0.8145310980093258,0.8145310980093258
4.111328125,0.8143477956703644,0.8143477956703644
4.116414388020834,0.814165429310379,0.814165429310379
4.121500651041667,0.8139840801524165,0.8139840801524165
4.1265869140625,0.7736989261941132,0.8138038318549086
4.131673177083334,0.7460127656358704,0.8136247689353432
4.136759440104167,0.7695190194963264,0.8134469755101597
4.141845703125,0.8105262694963806,0.8132705350196772
4.146931966145834,0.8130955304649351,0.8130955304649351
4.152018229166667,0.8129220448195306,0.8129220448195306
4.1571044921875,0.7577962317275857,0.8127501631608983
4.162190755208334,0.6325640615085311,0.8125799719347
4.167277018229167,0.49993976257018935,0.8124115570370575
4.17236328125,0.4324090494183575,0.8122450025639341
4.177449544270834,0.4008194801294932,0.812080389486575
4.182535807291667,0.4170489338949604,0.811917794977866
4.1876220703125,0.4798374236165676,0.8117572920980838
4.192708333333334,0.5969346719103352,0.8115989499588168
4.197794596354167,0.6665057246696913,0.8114428343524542
4.202880859375,0.6833744369187167,0.8112890089247432
4.207967122395834,0.6819779940537698,0.8111375358720594
4.213053385416667,0.7465183616995736,0.810988476111633
4.2181396484375,0.759043298229125,0.8108418892690986
4.223225911458334,0.7207130960687493,0.8106978343253898
4.228312174479167,0.7034546545957461,0.8105563697434541
4.2333984375,0.7540750933707627,0.8104175530863919
4.238484700520834,0.7997530593592264,0.8102814408462858
4.243570963541667,0.7510816909962895,0.8101480889517945
4.2486572265625,0.6787824629024507,0.8100175532262922
4.253743489583334,0.6182404890370305,0.8098898889024899
4.258829752604167,0.5819866403410663,0.809765149900747
4.263916015625,0.4864391699243531,0.8096433882249293
4.269002278645834,0.41610336271151016,0.8095246536011175
4.274088541666667,0.41932858036846316,0.8094089925233503
4.2791748046875,0.45834926217705374,0.8092964475514532
4.284261067708334,0.48779367218598796,0.8091870573444482
4.289347330729167,0.4979408339046706,0.8090808570518848
4.29443359375,0.4956777332535539,0.8089778786093791
4.299519856770834,0.5338905569266164,0.8088781508411469
4.304606119791667,0.5314409586935751,0.8087816994384027
4.3096923828125,0.49377288468161784,0.8086885473424854
4.314778645833334,0.3962312249875929,0.8085987147213263
4.319864908854167,0.4180019028776166,0.8085122185937
4.324951171875,0.43379523831436545,0.8084290718547069
4.330037434895834,0.44957861298709334,0.8083492834943437
4.335123697916667,0.4577367183449441,0.8082728587562693
4.3402099609375,0.48178692189973676,0.8081997992964358
4.345296223958334,0.49440349650287896,0.8081301032654339
4.350382486979167,0.4740090733949325,0.8080637655497256
4.35546875,0.4824199733030047,0.8080007778985069
4.360555013020834,0.4627797960317381,0.8079411287204268
4.365641276041667,0.47767171511794443,0.8078848031683263
4.3707275390625,0.4843382134896095,0.8078317829434338
4.375813802083334,0.5010336489435353,0.807782046444846
4.380900065104167,0.45752175196087197,0.8077355688367241
4.385986328125,0.4723996090126917,0.8076923222157457
4.391072591145834,0.48392319874689604,0.80765227517645
4.396158854166667,0.46566863358278804,0.807615392960449
4.4012451171875,0.4386083103575993,0.8075816375720645
4.406331380208334,0.44382674716293724,0.8075509675961501
4.411417643229167,0.4362508907742556,0.8075233379278268
4.41650390625,0.4536096011740448,0.8074986998249734
4.421590169270834,0.488143652093357,0.807477000832744
4.426676432291667,0.5251034873307578,0.8074581849574021
4.4317626953125,0.5077264180498213,0.8074421930118774
4.436848958333334,0.5205816547552621,0.8074289629855528
4.441935221354167,0.49894612255868637,0.8074184298706535
4.447021484375,0.5173650218113635,0.8074105257909314
4.452107747395834,0.5235666954469229,0.8074051797854158
4.457194010416667,0.5637128103204246,0.8074023179926806
4.4622802734375,0.6262718600075291,0.807401863712915
4.467366536458334,0.6808261135075128,0.807403737809413
4.472452799479167,0.7473128768759141,0.8074078593341687
4.4775390625,0.7632589360371919,0.8074141460733999
4.482625325520834,0.7637769681163691,0.807422515212375
4.487711588541667,0.741276413897502,0.8074328834948099
4.4927978515625,0.7677951324833722,0.8074451672279653
4.497884114583334,0.7320541001964503,0.8074592820575374
4.502970377604167,0.6888964131188551,0.8074751432327216
4.508056640625,0.7277311890775339,0.807492665248662
4.513142903645834,0.7480028355887205,0.8075117614147153
4.518229166666667,0.7249941792436112,0.807532344242623
4.5233154296875,0.7190505357469353,0.8075543256490377
4.528401692708334,0.7271263416473519,0.8075776167252303
4.533487955729167,0.7665513585426617,0.8076021276774337
4.53857421875,0.7624791825745796,0.807627767907368
4.543660481770834,0.7659614417985192,0.8076544464062458
4.548746744791667,0.6759922974642916,0.8076820717137938
4.5538330078125,0.6681136146533962,0.8077105519528087
4.558919270833334,0.5652527301112105,0.8077397939291895
4.564005533854167,0.5298834261448574,0.8077697030528661
4.569091796875,0.5115820506854151,0.8078001823088976
4.574178059895834,0.5076654067899857,0.8078311319034803
4.579264322916667,0.5052541990330814,0.8078624490806297
4.5843505859375,0.572881981022575,0.8078940280827033
4.589436848958334,0.6769907985817666,0.8079257601259767
4.594523111979167,0.722496061628261,0.807957534076605
4.599609375,0.8071577210150425,0.8079892374913934
4.604695638020834,0.8080207570725328,0.8080207570725328
4.609781901041667,0.8071109002722853,0.808051979513899
4.6148681640625,0.8080827928572135,0.8080827928572135
4.619954427083334,0.8081130851347877,0.8081130851347877
4.625040690104167,0.808142745298301,0.808142745298301
4.630126953125,0.7916031593509398,0.8081716647661936
4.635213216145834,0.7751040276167838,0.8081997356813145
4.640299479166667,0.8043814790618682,0.8082268500208272
4.6453857421875,0.8082528994309383,0.8082528994309383
4.650472005208334,0.808277775519401,0.808277775519401
4.655558268229167,0.808301370208578,0.808301370208578
4.66064453125,0.8083235775218165,0.8083235775218165
4.665730794270834,0.8083442921584956,0.8083442921584956
4.670817057291667,0.8083634138635918,0.8083634138635918
4.6759033203125,0.8042626257993276,0.8083808488742107
4.680989583333334,0.8083965061416454,0.8083965061416454
4.686075846354167,0.8084102945760067,0.8084102945760067
4.691162109375,0.80842212383049,0.80842212383049
4.696248372395834,0.8000011367484476,0.808431906494316
4.701334635416667,0.8084395563158282,0.8084395563158282
4.7064208984375,0.8084449869590624,0.8084449869590624
4.711507161458334,0.8084481140908605,0.8084481140908605
4.716593424479167,0.8084488573986851,0.8084488573986851
4.7216796875,0.808447145448935,0.808447145448935
4.726765950520834,0.8084429146782508,0.8084429146782508
4.731852213541667,0.8084361084710838,0.8084361084710838
4.7369384765625,0.8084266744209219,0.8084266744209219
4.742024739583334,0.8084145654710759,0.8084145654710759
4.747111002604167,0.808399736204509,0.808399736204509
4.752197265625,0.8083821420203694,0.8083821420203694
4.757283528645834,0.7969047894780543,0.8083617397244444
4.762369791666667,0.8083384864241425,0.8083384864241425
4.7674560546875,0.8083123391123033,0.8083123391123033
4.772542317708334,0.808283255477799,0.808283255477799
4.777628580729167,0.8082511960704898,0.8082511960704898
4.78271484375,0.8082161223600863,0.8082161223600863
4.787801106770834,0.8081779973604086,0.8081779973604086
4.792887369791667,0.8031974737027887,0.8081367867102838
4.7979736328125,0.808092458108324,0.808092458108324
4.803059895833334,0.808044979203748,0.808044979203748
4.808146158854167,0.800433537705837,0.8079943179692034
4.813232421875,0.7404267337523004,0.8079404445270617
4.818318684895834,0.7165952376030574,0.8078833289240863
4.823404947916667,0.7677613428926281,0.8078229405319036
4.8284912109375,0.8070841998351735,0.8077592478092591
4.833577473958334,0.8076922188142824,0.8076922188142824
4.838663736979167,0.8076218215983526,0.8076218215983526
4.84375,0.8075480252098253,0.8075480252098253
4.848836263020834,0.807470799764179,0.807470799764179
4.853922526041667,0.8073901174852058,0.8073901174852058
4.8590087890625,0.7883135532551669,0.8073059550137297
4.864095052083334,0.7228017628439869,0.8072182932101643
4.869181315104167,0.776268352290348,0.8071271127449988
4.874267578125,0.8070323934445578,0.8070323934445578
4.879353841145834,0.8069341148265777,0.8069341148265777
4.884440104166667,0.8068322615346519,0.8068322615346519
4.8895263671875,0.8067268222719881,0.8067268222719881
4.894612630208334,0.8066177881198813,0.8066177881198813
4.899698893229167,0.8065051535388057,0.8065051535388057
4.90478515625,0.8050398544868241,0.8063889166700041
4.909871419270834,0.8062690758703989,0.8062690758703989
4.914957682291667,0.8061456294834216,0.8061456294834216
4.9200439453125,0.8060185792360259,0.8060185792360259
4.925130208333334,0.7974248242344257,0.8058879296676473
4.930216471354167,0.8057536868164804,0.8057536868164804
4.935302734375,0.8008321436672744,0.8056158566360884
4.940388997395834,0.8054744463133264,0.8054744463133264
4.945475260416667,0.7897838288751293,0.8053294629872125
4.9505615234375,0.78630719823776,0.8051809150650429
4.955647786458334,0.8050288107986575,0.8050288107986575
4.960734049479167,0.8048731582511593,0.8048731582511593
4.9658203125,0.804713966703086,0.804713966703086
4.970906575520834,0.8045512484363744,0.8045512484363744
4.975992838541667,0.7911771563495485,0.8043850204681047
4.9810791015625,0.761707496916127,0.8042153016257751
4.986165364583334,0.803786569568188,0.8040421106048058
4.991251627604167,0.8038654656755384,0.8038654656755384
4.996337890625,0.7895532810033886,0.8036853851057594
5.001424153645834,0.803501889616913,0.803501889616913
5.006510416666667,0.8033149997891225,0.8033149997891225
5.0115966796875,0.8031247381169628,0.8031247381169628
5.016682942708334,0.7684463243438695,0.8029311285133004
5.021769205729167,0.7732138506846876,0.8027341991476674
5.02685546875,0.7587507739278113,0.8025339778447479
5.031941731770834,0.8023304921340227,0.8023304921340227
5.037027994791667,0.7797228464396883,0.8021237691071407
5.0421142578125,0.7964515170434749,0.8019138359329748
5.047200520833334,0.7945276736183616,0.801700719556389
5.052286783854167,0.801484446867624,0.801484446867624
5.057373046875,0.7924506209419104,0.8012650446851901
5.062459309895834,0.7774109843008092,0.8010425406054353
5.067545572916667,0.7772150741006859,0.8008169621365635
5.0726318359375,0.8005883365504627,0.8005883365504627
5.077718098958334,0.8003566908830022,0.8003566908830022
5.082804361979167,0.8001220533524789,0.8001220533524789
5.087890625,0.7446972157959053,0.7998844526581518
5.092976888020834,0.7867667209327791,0.7996439176008381
5.098063151041667,0.7994004764294833,0.7994004764294833
5.1031494140625,0.7991541572642605,0.7991541572642605
5.108235677083334,0.7989049923174827,0.7989049923174827
5.113321940104167,0.7877312624819608,0.7986530203668344
5.118408203125,0.7983982803057287,0.7983982803057287
5.123494466145834,0.7926497836434081,0.7981408109183615
5.128580729166667,0.7929569163077336,0.7978806524337548
5.1336669921875,0.7976178450260205,0.7976178450260205
5.138753255208334,0.7973524288200332,0.7973524288200332
5.143839518229167,0.7970844458643751,0.7970844458643751
5.14892578125,0.7884203550635835,0.7968139408574955
5.154012044270834,0.7965409597996647,0.7965409597996647
5.159098307291667,0.796265548607217,0.796265548607217
5.1641845703125,0.7959877536796223,0.7959877536796223
5.169270833333334,0.7676033449234696,0.79570762328137
5.174357096354167,0.7600678699056377,0.7954252063435858
5.179443359375,0.7884113956425494,0.7951405515163527
5.184529622395834,0.7948537070961802,0.7948537070961802
5.189615885416667,0.7945647213122864,0.7945647213122864
5.1947021484375,0.7942736437723208,0.7942736437723208
5.199788411458334,0.7939805271923116,0.7939805271923116
5.204874674479167,0.764732342941632,0.7936854279681068
5.2099609375,0.7561238952680415,0.7933884034893984
5.215047200520834,0.7930895108563474,0.7930895108563474
5.220133463541667,0.79278880679647,0.79278880679647
5.2252197265625,0.7924863482388755,0.7924863482388755
5.230305989583334,0.7921821929509681,0.7921821929509681
5.235392252604167,0.7918764009140803,0.7918764009140803
5.240478515625,0.7710009415383434,0.7915690342245822
5.245564778645834,0.7849081690827597,0.7912601559279688
5.250651041666667,0.7861662194936314,0.7909498288640542
5.2557373046875,0.7713087935482144,0.7906381158091322
5.260823567708334,0.7565489575356791,0.7903250794916612
5.265909830729167,0.7896858018565035,0.790010782446806
5.27099609375,0.7821846212762773,0.7896952868719702
5.276082356770834,0.7739997487285493,0.7893786549613078
5.281168619791667,0.7654561541547336,0.7890609488338658
5.2862548828125,0.7675042329283015,0.7887422304549024
5.291341145833334,0.7489051804691529,0.7884225615536282
5.296427408854167,0.7435885809298113,0.7881020036468733
5.301513671875,0.7689402495545938,0.7877806178562947
5.306599934895834,0.7874584648584146,0.7874584648584146
5.311686197916667,0.7871356051413523,0.7871356051413523
5.3167724609375,0.7868120997157754,0.7868120997157754
5.321858723958334,0.7864880139172498,0.7864880139172498
5.326944986979167,0.7861634171807136,0.7861634171807136
5.33203125,0.7858383806809077,0.7858383806809077
5.337117513020834,0.7855129761819739,0.7855129761819739
5.342203776041667,0.7851872775091212,0.7851872775091212
5.3472900390625,0.7848613597950864,0.7848613597950864
5.352376302083334,0.7845353038054893,0.7845353038054893
5.357462565104167,0.7842091969628584,0.7842091969628584
5.362548828125,0.7453507171704364,0.783883133807974
5.367635091145834,0.6315702830911554,0.7835572126544297
5.372721354166667,0.5162577440466654,0.7832315314304947
5.3778076171875,0.5235603233000291,0.7829061865445693
5.382893880208334,0.5292709620704633,0.7825812717353157
5.387980143229167,0.5431043230509538,0.7822568781479371
5.39306640625,0.5023268831714967,0.7819330943945342
5.398152669270834,0.6003743881570722,0.7816100066956819
5.403238932291667,0.6985810065881345,0.781287698475893
5.4083251953125,0.736468201062292,0.7809662513473241
5.413411458333334,0.7259761530115563,0.7806457460950651
5.418497721354167,0.759715367786592,0.780326263059225
5.423583984375,0.7360130759110363,0.7800078820332176
5.428670247395834,0.7180085954124003,0.779690682604347
5.433756510416667,0.7339087620509956,0.7793747439199699
5.4388427734375,0.7790601445106217,0.7790601445106217
5.443929036458334,0.7787469624521783,0.7787469624521783
5.449015299479167,0.7604153181387044,0.7784352760342069
5.4541015625,0.7319693973778794,0.7781251643042792
5.459187825520834,0.7436666032899704,0.7778167061297674
5.464274088541667,0.7614735992026922,0.7775099799164862
5.4693603515625,0.7593939275489736,0.777205063728749
5.474446614583334,0.754401755738672,0.7769020354705055
5.479532877604167,0.7611198914671891,0.7766009728675938
5.484619140625,0.7303732833595387,0.7763019534208495
5.489705403645834,0.6211705372727188,0.7760050544762971
5.494791666666667,0.5189124799748097,0.7757103529206749
5.4998779296875,0.4637338110237404,0.7754179240923755
5.504964192708334,0.4629887406699722,0.7751278407618133
5.510050455729167,0.4543989302937018,0.7748401725825612
5.51513671875,0.4292877641769288,0.7745549860868014
5.520222981770834,0.46800993969536786,0.7742723446023035
5.525309244791667,0.5860359141117482,0.7739923080041653
5.5303955078125,0.7582309237703977,0.7737149331048603
5.535481770833334,0.7586580679694055,0.7734402748372982
5.540568033854167,0.7080083036519271,0.7731683879795488
5.545654296875,0.604539705430038,0.7728993271618595
5.550740559895834,0.5475894667947994,0.772633146362877
5.555826822916667,0.5067160515035256,0.7723698978776519
5.5609130859375,0.514418146174503,0.7721096317507977
5.565999348958334,0.5147971694999087,0.77185239537039
5.571085611979167,0.5028187401241778,0.7715982335475892
5.576171875,0.49628225274846455,0.7713471885230032
5.581258138020834,0.4840987360756194,0.7710992998494456
5.586344401041667,0.46194962375567256,0.7708546043290803
5.5914306640625,0.48394222497300926,0.7706131358940658
5.596516927083334,0.5192709750675486,0.7703749253875114
5.601603190104167,0.5068422441090195,0.7701400007858167
5.606689453125,0.479096682649379,0.7699083875543423
5.611775716145834,0.48667973466944503,0.7696801085254713
5.616861979166667,0.46614488894034334,0.7694551836234699
5.6219482421875,0.473150086562952,0.7692336299426005
5.627034505208334,0.4953698899956468,0.7690154615440229
5.632120768229167,0.5346923976618339,0.7688006895280614
5.63720703125,0.5313005428833217,0.7685893222585847
5.642293294270834,0.5574856062406055,0.7683813657583788
5.647379557291667,0.5454044098674216,0.7681768236773419
5.6524658203125,0.5425917755184231,0.7679756975564147
5.657552083333334,0.5309679573656514,0.7677779867088136
5.662638346354167,0.4788704188447427,0.7675836881939159
5.667724609375,0.4892632428398717,0.7673927967029988
5.672810872395834,0.5229404000877012,0.7672053040402066
5.677897135416667,0.5494735415442511,0.7670211992283884
5.6829833984375,0.5276301696934619,0.7668404688477441
5.688069661458334,0.5317940063350876,0.7666630973029971
5.693155924479167,0.47808124012609055,0.7664890666067676
5.6982421875,0.4843074599952064,0.7663183564229852
5.703328450520834,0.5074975049321384,0.7661509435315014
5.708414713541667,0.5100159735597668,0.7659868018920585
5.7135009765625,0.48445275430314294,0.7658259028778646
5.718587239583334,0.47615297691841957,0.7656682153024195
5.723673502604167,0.48102205794430114,0.7655137051654919
5.728759765625,0.4685746683806217,0.765362335571698
5.733846028645834,0.5316056392926974,0.7652140667807373
5.738932291666667,0.634717576385104,0.7650688560844333
5.7440185546875,0.7105963506536612,0.7649266584385247
5.749104817708334,0.6620321304299821,0.7647874274952376
5.754191080729167,0.6780759724499378,0.7646511163634953
5.75927734375,0.735257345853773,0.7645176771246678
5.764363606770834,0.7503115205806028,0.7643870609943738
5.769449869791667,0.6838514071177761,0.7642592188956292
5.7745361328125,0.673123259390203,0.7641341016106937
5.779622395833334,0.6657642115593674,0.7640116591177496
5.784708658854167,0.6544048529502524,0.76389184048487
5.789794921875,0.6833346468437094,0.7637745937976539
5.794881184895834,0.7267842207390871,0.7636598660468304
5.799967447916667,0.7246262775717869,0.7635476034187294
5.8050537109375,0.7106084210074225,0.763437751730924
5.810139973958334,0.7316317876855718,0.7633302564117743
5.815226236979167,0.7339794496922074,0.763225062361347
5.8203125,0.7052153215151853,0.7631221141627245
5.825398763020834,0.6589165885841686,0.7630213561065325
5.830485026041667,0.6767430513397784,0.7629227319043295
5.8355712890625,0.6793866508103854,0.762826184226626
5.840657552083334,0.7086762435937249,0.7627316548821358
5.845743815104167,0.7572960298457354,0.7626390848451776
5.850830078125,0.7625484145495165,0.7625484145495165
5.855916341145834,0.7621221471431794,0.7624595843754864
5.861002604166667,0.6972721049261297,0.7623725374409767
5.8660888671875,0.6375507609353555,0.7622872168605014
5.871175130208334,0.5883776267524699,0.7622035650975709
5.876261393229167,0.5758699420191995,0.7621215233683312
5.88134765625,0.4977715340808864,0.7620410311506685
5.886433919270834,0.4356852177360732,0.7619620260599531
5.891520182291667,0.4608304153353017,0.7618844430688609
5.8966064453125,0.5464611482703273,0.7618082138872994
5.901692708333334,0.6265582390080717,0.7617332672146355
5.906778971354167,0.6977141144622382,0.7616595295967661
5.911865234375,0.7281163116591959,0.7615869262278374
5.916951497395834,0.6953901102029816,0.761515381662542
5.922037760416667,0.706728440787953,0.7614448201208657
5.9271240234375,0.7613751651615422,0.7613751651615422
5.932210286458334,0.7613063397961416,0.7613063397961416
5.937296549479167,0.7612382690877226,0.7612382690877226
5.9423828125,0.7219259121129361,0.7611708818551908
5.947469075520834,0.7611041077659686,0.7611041077659686
5.952555338541667,0.7610378760950288,0.7610378760950288
5.9576416015625,0.76097211795981,0.76097211795981
5.962727864583334,0.7509239543645007,0.760906767725897
5.967814127604167,0.7361137134835382,0.7608417631718022
5.972900390625,0.7223054301227838,0.7607770419762094
5.977986653645834,0.749573240680921,0.7607125415705225
5.983072916666667,0.740900071239777,0.7606481990014289
5.9881591796875,0.7353785424908126,0.7605839512042231
5.993245442708334,0.7178456414352536,0.7605197349167181
5.998331705729167,0.7595848943768944,0.7604554866246733
6.00341796875,0.7603911423871068,0.7603911423871068
6.008504231770834,0.7603266382543307,0.7603266382543307
6.013590494791667,0.7552712068660634,0.7602619120348145
6.0186767578125,0.740237108591687,0.7601969040922678
6.023763020833334,0.7601315547404928,0.7601315547404928
6.028849283854167,0.7600658040936941,0.7600658040936941
6.033935546875,0.7599995925469616,0.7599995925469616
6.039021809895834,0.7344984180127676,0.7599328620580013
6.044108072916667,0.7406663779306586,0.7598655549140625
6.0491943359375,0.7561330563228925,0.7597976131480507
6.054280598958334,0.7597289786008793,0.7597289786008793
6.059366861979167,0.7524496057936233,0.7596595930768163
6.064453125,0.7595893992250005,0.7595893992250005
6.069539388020834,0.7595183396224705,0.7595183396224705
6.074625651041667,0.7556511646831503,0.7594463575053314
6.0797119140625,0.7203745110817328,0.759373397006286
6.084798177083334,0.7455384044851027,0.7592994022200853
6.089884440104167,0.7592243168514913,0.7592243168514913
6.094970703125,0.7591480844676562,0.7591480844676562
6.100056966145834,0.7590706488231866,0.7590706488231866
6.105143229166667,0.7589919549902725,0.7589919549902725
6.1102294921875,0.7589119550535033,0.7589119550535033
6.115315755208334,0.7572149005770347,0.758830607582417
6.120402018229167,0.7587478763173188,0.7587478763173188
6.12548828125,0.7505152667641116,0.7586637249823566
6.130574544270834,0.7585781174938058,0.7585781174938058
6.135660807291667,0.7584910176864573,0.7584910176864573
6.1407470703125,0.7140840132789645,0.7584023916495701
6.145833333333334,0.7358725679684022,0.7583122055730753
6.150919596354167,0.7582204252037196,0.7582204252037196
6.156005859375,0.7581270160638538,0.7581270160638538
6.161092122395834,0.7580319441256325,0.7580319441256325
6.166178385416667,0.7579351781404524,0.7579351781404524
6.1712646484375,0.7578366880104137,0.7578366880104137
6.176350911458334,0.7577364468968476,0.7577364468968476
6.181437174479167,0.7504993819444086,0.7576344336490799
6.1865234375,0.7014008181132636,0.757530631773864
6.191609700520834,0.7103912560984076,0.7574250247066029
6.196695963541667,0.7573175953214013,0.7573175953214013
6.2017822265625,0.7572083260220261,0.7572083260220261
6.206868489583334,0.7570972004792126,0.7570972004792126
6.211954752604167,0.756984205115449,0.756984205115449
6.217041015625,0.7568693316498007,0.7568693316498007
6.222127278645834,0.7351872739224157,0.7567525747460669
6.227213541666667,0.7256112989416235,0.7566339316505771
6.2322998046875,0.7544655184967696,0.7565133993940079
6.237386067708334,0.7563909746968095,0.7563909746968095
6.242472330729167,0.7562666542589535,0.7562666542589535
6.24755859375,0.7561404367631569,0.7561404367631569
6.252644856770834,0.7560123259672931,0.7560123259672931
6.257731119791667,0.7482888291294971,0.7558823313311391
6.2628173828125,0.75575046483329,0.75575046483329
6.267903645833334,0.7556167383764054,0.7556167383764054
6.272989908854167,0.7554811649352542,0.7554811649352542
6.278076171875,0.7283221012358722,0.7553437630670465
6.283162434895834,0.7390910042437151,0.7552045539358019
6.288248697916667,0.7550635584353229,0.7550635584353229
6.2933349609375,0.7549207972982768,0.7549207972982768
6.298421223958334,0.7547762942232765,0.7547762942232765
6.303507486979167,0.7437708752218283,0.7546300787127764
6.30859375,0.6983897394579135,0.7544821825276198
6.313680013020834,0.7000638638964773,0.7543326373200576
6.318766276041667,0.721676370080562,0.7541814741814168
6.3238525390625,0.7540287236603362,0.7540287236603362
6.328938802083334,0.7507850703064098,0.7538744159804038
6.334025065104167,0.7537185818823862,0.7537185818823862
6.339111328125,0.7535612520761562,0.7535612520761562
6.344197591145834,0.7534024589009478,0.7534024589009478
6.349283854166667,0.7532422355399018,0.7532422355399018
6.3543701171875,0.7530806154491899,0.7530806154491899
6.359456380208334,0.7529176323328584,0.7529176323328584
6.364542643229167,0.7247458558254549,0.752753323192166
6.36962890625,0.7171742319875439,0.7525877259646243
6.374715169270834,0.75242087830767,0.75242087830767
6.379801432291667,0.752252817524605,0.752252817524605
6.3848876953125,0.7520835817037086,0.7520835817037086
6.389973958333334,0.751913209626698,0.751913209626698
6.395060221354167,0.7517417408180684,0.7517417408180684
6.400146484375,0.7061164510878446,0.7515692169824095
6.405232747395834,0.685310735927009,0.7513956800518639
6.410319010416667,0.7140973073920736,0.7512211715040459
6.4154052734375,0.7283463598222357,0.7510457321557208
6.420491536458334,0.7286840882449425,0.7508694024524151
6.425577799479167,0.7219173603897588,0.7506922226126616
6.4306640625,0.7421371188464431,0.7505142326331395
6.435750325520834,0.7405574656376183,0.7503354722227801
6.440836588541667,0.7384628793816227,0.7501559810067431
6.4459228515625,0.7462351600086813,0.7499757985124081
6.451009114583334,0.749794964150224,0.749794964150224
6.456095377604167,0.7117518171564462,0.7496135172932327
6.461181640625,0.6827702700768477,0.74943149806524
6.466267903645834,0.7492489462114346,0.7492489462114346
6.471354166666667,0.7490659008103926,0.7490659008103926
6.4764404296875,0.7488824011860579,0.7488824011860579
6.481526692708334,0.7179016032132328,0.7486984891886754
6.486612955729167,0.7288878414948088,0.7485142080560505
6.49169921875,0.7483296007180193,0.7483296007180193
6.496785481770834,0.7481447099081548,0.7481447099081548
6.501871744791667,0.747959580204931,0.747959580204931
6.5069580078125,0.747774261229284,0.747774261229284
6.512044270833334,0.7320184493352131,0.7475888062606146
6.517130533854167,0.7343187395309336,0.7474032695094337
6.522216796875,0.7472177050305486,0.7472177050305486
6.527303059895834,0.7470321667479218,0.7470321667479218
6.532389322916667,0.7468467103578162,0.7468467103578162
6.5374755859375,0.7298278997720188,0.7466613973743572
6.542561848958334,0.7251472964423092,0.7464762921347713
6.547648111979167,0.7426308137048467,0.7462914588079499
6.552734375,0.7461069613494942,0.7461069613494942
6.557820638020834,0.7431826454673831,0.7459228636783992
6.562906901041667,0.6817399362002661,0.7457392305693233
6.5679931640625,0.6236559865632023,0.7455561267695223
6.573079427083334,0.6030991193137007,0.7453736163862595
6.578165690104167,0.5954816858748719,0.7451917623077968
6.583251953125,0.5340535803020581,0.7450106259996514
6.588338216145834,0.49396285165567816,0.7448302674302394
6.593424479166667,0.5438240223355759,0.7446507444584065
6.5985107421875,0.6001272609231725,0.7444721124343243
6.603597005208334,0.6611311587682569,0.7442944246998973
6.608683268229167,0.7220729069797285,0.7441177331535815
6.61376953125,0.7439420888622008,0.7439420888622008
6.618855794270834,0.7437675426721306,0.7437675426721306
6.623942057291667,0.7435941478463337,0.7435941478463337
6.6290283203125,0.737613531321083,0.7434219610987565
6.634114583333334,0.718908556653217,0.7432510410384714
6.639200846354167,0.7236120322738121,0.7430814462164665
6.644287109375,0.7092916341470707,0.7429132349403054
6.649373372395834,0.7237609988834462,0.7427464653228569
6.654459635416667,0.7321678716723906,0.7425811951407746
6.6595458984375,0.7424174819808569,0.7424174819808569
6.664632161458334,0.7377752387263123,0.7422553833257695
6.669718424479167,0.7420949574239655,0.7420949574239655
6.6748046875,0.7226920550852081,0.7419362624790966
6.679890950520834,0.703085680104554,0.7417793573847071
6.684977213541667,0.6665920144999464,0.7416243008418993
6.6900634765625,0.6782911715427302,0.7414711511648386
6.695149739583334,0.7086268202633599,0.7413199659173677
6.700236002604167,0.6944384788767555,0.7411708020315291
6.705322265625,0.6689956153950449,0.7410237161124338
6.710408528645834,0.6377356272398673,0.7408787642978698
6.715494791666667,0.6314915167557806,0.7407360020053442
6.7205810546875,0.6081694063788692,0.7405954836209322
6.725667317708334,0.5690380132658754,0.7404572624382648
6.730753580729167,0.4826793782202768,0.7403213904267123
6.73583984375,0.4500268522366235,0.7401879178414523
6.740926106770834,0.4875254060881348,0.7400568923612427
6.746012369791667,0.5102503599626922,0.7399283587632302
6.7510986328125,0.5551880245905376,0.7398023592992471
6.756184895833334,0.6060147830800399,0.7396789339243456
6.761271158854167,0.6499218076600041,0.7395581207474348
6.766357421875,0.6855933848681777,0.7394399565407821
6.771443684895834,0.7393244771802923,0.7393244771802923
6.776529947916667,0.7392117180034037,0.7392117180034037
6.7816162109375,0.6461495171265865,0.739101715650777
6.786702473958334,0.5692429785517277,0.7389945067941548
6.791788736979167,0.5302561544387396,0.738890127175758
6.796875,0.5075839080100011,0.7387886108402915
6.801961263020834,0.49979031484437036,0.7386899897461212
6.807047526041667,0.4589512258142002,0.7385942935395658
6.8121337890625,0.41093414089254404,0.7385015494779472
6.817220052083334,0.42597057483790224,0.7384117820221571
6.822306315104167,0.4606607031722062,0.7383250123574129
6.827392578125,0.45865019621848296,0.7382412585445204
6.832478841145834,0.4232960547565494,0.7381605358676421
6.837565104166667,0.43411421777448234,0.73808285681503
6.8426513671875,0.48417745590770467,0.7380082307262915
6.847737630208334,0.537559250002487,0.7379366639013475
6.852823893229167,0.5350974340451623,0.7378681601018113
6.85791015625,0.49279186120101365,0.7378027210855223
6.862996419270834,0.47551513461149275,0.7377403465826126
6.868082682291667,0.49981339350285614,0.7376810338731057
6.8731689453125,0.528331350266412,0.7376247776147733
6.878255208333334,0.4955068959453486,0.7375715700867109
6.883341471354167,0.488543601772646,0.7375214014750797
6.888427734375,0.5234724016006982,0.7374742595453943
6.893513997395834,0.5193468275798581,0.7374301295733909
6.898600260416667,0.4593771949412125,0.737388994694788
6.9036865234375,0.48975117430271375,0.7373508358644706
6.908772786458334,0.5528918586687164,0.7373156312572059
6.913859049479167,0.54928944976894,0.7372833565717647
6.9189453125,0.5680678870938471,0.7372539856626802
6.924031575520834,0.6212326498748101,0.7372274905045462
6.929117838541667,0.5975153309582225,0.7372038413800955
6.9342041015625,0.4967612578832086,0.737183007412113
6.939290364583334,0.4560700081442111,0.7371649563264979
6.944376627604167,0.4390779926084034,0.7371496534449327
6.949462890625,0.5045752060678856,0.7371370612781495
6.954549153645834,0.531466545172109,0.7371271393561643
6.959635416666667,0.5480543492623543,0.737119844883374
6.9647216796875,0.5329656134973588,0.7371151330075701
6.969807942708334,0.5668238776181201,0.7371129569858887
6.974894205729167,0.5475243564732373,0.7371132680339708
6.97998046875,0.477012472022793,0.7371160156645666
6.985066731770834,0.45333976751577304,0.7371211474945376
6.990152994791667,0.408880171125858,0.7371286085397093
6.9952392578125,0.4618995013285154,0.7371383409780938
7.000325520833334,0.514626115030479,0.7371502837052192
7.005411783854167,0.5569443944663932,0.7371643728642249
7.010498046875,0.5372734053953184,0.737180542373009
7.015584309895834,0.5584731805453688,0.7371987243472697
7.020670572916667,0.642010722156261,0.7372188489036342
7.0257568359375,0.666149645019749,0.7372408443714741
7.030843098958334,0.7029188366803794,0.7372646381280801
7.035929361979167,0.7213257346304507,0.7372901568398309
7.041015625,0.7175066660532787,0.7373173268296473
7.046101888020834,0.719669719139268,0.7373460742608064
7.051188151041667,0.7288558234120912,0.7373763250984785
7.0562744140625,0.7117312573129622,0.7374080051310703
7.061360677083334,0.6516414856477905,0.7374410400617837
7.066446940104167,0.6858046977473092,0.7374753553370534
7.071533203125,0.6874597452982347,0.7375108755453186
7.076619466145834,0.6884056373674734,0.7375475247583113
7.081705729166667,0.6679705298490648,0.7375852265472529
7.0867919921875,0.6854757481689369,0.7376239039919454
7.091878255208334,0.6698466066384863,0.7376634794760439
7.096964518229167,0.6802196969805361,0.7377038748617218
7.10205078125,0.6644465847731463,0.737745011332984
7.107137044270834,0.6793784023259986,0.7377868094989932
7.112223307291667,0.7112572920838459,0.7378291892359281
7.1173095703125,0.7378720698358834,0.7378720698358834
7.122395833333334,0.7379153703252348,0.7379153703252348
7.127482096354167,0.7274835809584326,0.7379590103220537
7.132568359375,0.6837072509523046,0.738002911421255
7.137654622395834,0.6596287840572979,0.7380469951129989
7.142740885416667,0.6725170813109398,0.73809118234449
7.1478271484375,0.7157641635693349,0.7381353932787504
7.152913411458334,0.7381795474230609,0.7381795474230609
7.157999674479167,0.7382235640609901,0.7382235640609901
7.1630859375,0.7382673626160141,0.7382673626160141
7.168172200520834,0.738310865149733,0.738310865149733
7.173258463541667,0.7067059430468308,0.7383539957362559
7.1783447265625,0.651439291945612,0.7383966795334114
7.183430989583334,0.5793602010260462,0.7384388413825472
7.188517252604167,0.5198742227543731,0.7384804052554379
7.193603515625,0.5402995608815471,0.7385212935330713
7.198689778645834,0.5327128755779593,0.738561426410373
7.203776041666667,0.4910044076336988,0.7386007221000521
7.2088623046875,0.5385979264793024,0.7386390967563317
7.213948567708334,0.6312175448913535,0.7386764640574719
7.219034830729167,0.6431408316913967,0.7387127356813213
7.22412109375,0.656010440170573,0.7387478222311392
7.229207356770834,0.7196751493403388,0.7387816333544657
7.234293619791667,0.7388140778714669,0.7388140778714669
7.2393798828125,0.738845064411245,0.738845064411245
7.244466145833334,0.7388745068718127,0.7388745068718127
7.249552408854167,0.7389023245355393,0.7389023245355393
7.254638671875,0.7389284422170171,0.7389284422170171
7.259724934895834,0.7389527874401565,0.7389527874401565
7.264811197916667,0.7389752908243423,0.7389752908243423
7.2698974609375,0.7389958881295968,0.7389958881295968
7.274983723958334,0.7305780595585867,0.7390145225735514
7.280069986979167,0.7390311413589432,0.7390311413589432
7.28515625,0.7390456916041447,0.7390456916041447
7.290242513020834,0.7390581206437588,0.7390581206437588
7.295328776041667,0.711233569429775,0.7390683787360454
7.3004150390625,0.7173619248768373,0.7390764163157713
7.305501302083334,0.7390821835393553,0.7390821835393553
7.310587565104167,0.7346596226014528,0.7390856303460712
7.315673828125,0.7390867075250658,0.7390867075250658
7.320760091145834,0.7337870843050447,0.7390853658212255
7.325846354166667,0.722167815043435,0.7390815584601607
7.3309326171875,0.6826227826563865,0.7390752386144986
7.336018880208334,0.7390663592877296,0.7390663592877296
7.341105143229167,0.7390548729188192,0.7390548729188192
7.34619140625,0.7390407345759906,0.7390407345759906
7.351277669270834,0.7118302100773225,0.7390239041898308
7.356363932291667,0.7390043446907093,0.7390043446907093
7.3614501953125,0.7389820187370587,0.7389820187370587
7.366536458333334,0.7152313522725313,0.7389568891036808
7.371622721354167,0.7198743527447335,0.7389289222054027
7.376708984375,0.7388494192560561,0.7388980842197967
7.381795247395834,0.7388643411338893,0.7388643411338893
7.386881510416667,0.7388276589342204,0.7388276589342204
7.3919677734375,0.7387880074164486,0.7387880074164486
7.397054036458334,0.7387453592903581,0.7387453592903581
7.402140299479167,0.7386996899996934,0.7386996899996934
7.4072265625,0.7386509767700777,0.7386509767700777
7.412312825520834,0.6937798645706144,0.7385991986182511
7.417399088541667,0.7042339378910563,0.738544336600401
7.4224853515625,0.7340361969446638,0.7384863713245218
7.427571614583334,0.7384252830555041,0.7384252830555041
7.432657877604167,0.7259161901533963,0.7383610520137366
7.437744140625,0.7269632537034125,0.7382936609589144
7.442830403645834,0.7309835725221365,0.7382230925262843
7.447916666666667,0.7381493292377888,0.7381493292377888
7.4530029296875,0.7380723535429754,0.7380723535429754
7.458089192708334,0.737992152899293,0.737992152899293
7.463175455729167,0.7073212210607562,0.7379087188906455
7.46826171875,0.7158480541532464,0.7378220445765133
7.473347981770834,0.7377321227105014,0.7377321227105014
7.478434244791667,0.7376389458264753,0.7376389458264753
7.4835205078125,0.737542507615752,0.737542507615752
7.488606770833334,0.73744280800489,0.73744280800489
7.493693033854167,0.7373398521129775,0.7373398521129775
7.498779296875,0.7369917120436987,0.7372336465992797
7.503865559895834,0.7371241990615949,0.7371241990615949
7.508951822916667,0.7370115170953015,0.7370115170953015
7.5140380859375,0.7368956092440087,0.7368956092440087
7.519124348958334,0.7367764902624606,0.7367764902624606
7.524210611979167,0.7320917826173583,0.7366541807866109
7.529296875,0.736528702077387,0.736528702077387
7.534383138020834,0.7364000753500919,0.7364000753500919
7.539469401041667,0.7362683244521897,0.7362683244521897
7.5445556640625,0.7361334763598746,0.7361334763598746
7.549641927083334,0.7092095908967097,0.7359955604043676
7.554728190104167,0.7358546070729032,0.7358546070729032
7.559814453125,0.724584134905969,0.7357106465848557
7.564900716145834,0.7106310267753726,0.7355637092572533
7.569986979166667,0.7083082348451843,0.7354138252958591
7.5750732421875,0.7352610246571095,0.7352610246571095
7.580159505208334,0.735105337026385,0.735105337026385
7.585245768229167,0.7349467927779971,0.7349467927779971
7.59033203125,0.7347854239484101,0.7347854239484101
7.595418294270834,0.7346212667024398,0.7346212667024398
7.600504557291667,0.701073756319917,0.7344543602345686
7.6055908203125,0.6941028138666819,0.7342847438489007
7.610677083333334,0.7055461452294916,0.7341124565157349
7.615763346354167,0.7339375368035501,0.7339375368035501
7.620849609375,0.7291568231684789,0.7337600229951624
7.625935872395834,0.7278099730293243,0.7335799536039663
7.631022135416667,0.7333973670973241,0.7333973670973241
7.6361083984375,0.7332123018848982,0.7332123018848982
7.641194661458334,0.7330247982892296,0.7330247982892296
7.646280924479167,0.7192662605385024,0.7328348997409174
7.6513671875,0.7279491574622059,0.7326426500361489
7.656453450520834,0.7324480928354251,0.7324480928354251
7.661539713541667,0.7290840933705,0.7322512717523119
7.6666259765625,0.7160791320352107,0.7320522314730898
7.671712239583334,0.7318510166523676,0.7318510166523676
7.676798502604167,0.7316476717850229,0.7316476717850229
7.681884765625,0.7314422433099155,0.7314422433099155
7.686971028645834,0.7196555985378366,0.7312347823591456
7.692057291666667,0.6939785940582335,0.7310253423316593
7.6971435546875,0.7085421070016258,0.7308139765106114
7.702229817708334,0.704542312282818,0.7306007378086894
7.707316080729167,0.7249970584414349,0.7303856789158616
7.71240234375,0.7090399798256373,0.7301688522615128
7.717488606770834,0.7262308605192949,0.7299503102211415
7.722574869791667,0.70591440369814,0.7297301049589574
7.7276611328125,0.6693774580771311,0.7295082886019756
7.732747395833334,0.6917599000381995,0.7292849130390546
7.737833658854167,0.7080828651962852,0.7290600295577445
7.742919921875,0.7288336890703453,0.7288336890703453
7.748006184895834,0.7286059422793858,0.7286059422793858
7.753092447916667,0.7283768410258189,0.7283768410258189
7.7581787109375,0.728146438702193,0.728146438702193
7.763264973958334,0.6600320755559662,0.7279147940247249
7.768351236979167,0.6114662451888448,0.7276819658540847
7.7734375,0.5778484197420034,0.7274480123721159
7.778523763020834,0.5862840648540066,0.7272129905985041
7.783610026041667,0.6654864369035112,0.7269769560569397
7.7886962890625,0.678180463598784,0.7267399628618236
7.793782552083334,0.6226329813482172,0.7265020645126518
7.798868815104167,0.626229019309717,0.726263314023325
7.803955078125,0.6701948571418633,0.7260237633690534
7.809041341145834,0.7055768428395182,0.725783463524704
7.814127604166667,0.7144906956021684,0.7255424649068548
7.8192138671875,0.7253008177300175,0.7253008177300175
7.824300130208334,0.7250585720981859,0.7250585720981859
7.829386393229167,0.7248157800249359,0.7248157800249359
7.83447265625,0.7185453861095006,0.7245724941786427
7.839558919270834,0.6675439533061659,0.724328769169308
7.844645182291667,0.6404620209489496,0.7240846595466626
7.8497314453125,0.6722362318798965,0.7238402192925887
7.854817708333334,0.7235955015527425,0.7235955015527425
7.859903971354167,0.7233505589567405,0.7233505589567405
7.864990234375,0.7187267740905217,0.7231054454492603
7.870076497395834,0.722860215273326,0.722860215273326
7.875162760416667,0.7186170774099612,0.722614922628175
7.8802490234375,0.7051498072054893,0.7223696218309937
7.885335286458334,0.7034088382565625,0.7221243671589908
7.890421549479167,0.7218792127171763,0.7218792127171763
7.8955078125,0.7186703856064369,0.7216342124234056
7.900594075520834,0.7213894209023681,0.7213894209023681
7.905680338541667,0.6933290771359356,0.7211448927491152
7.9107666015625,0.6805591097802386,0.7209006831395273
7.915852864583334,0.6898037762896183,0.7206568469713268
7.920939127604167,0.7204134387388206,0.7204134387388206
7.926025390625,0.7201705126277843,0.7201705126277843
7.931111653645834,0.7199281262791186,0.7199281262791186
7.936197916666667,0.7196863440765227,0.7196863440765227
7.9412841796875,0.6822017266005633,0.7194452364740975
7.946370442708334,0.6518816378357966,0.7192048744804037
7.951456705729167,0.6081672136381366,0.718965328731566
7.95654296875,0.555734473062347,0.7187266691904778
7.961629231770834,0.5257053889584913,0.7184889647120507
7.966715494791667,0.5394674362367672,0.7182522825212753
7.9718017578125,0.5306791801829844,0.7180166879153058
7.976888020833334,0.5012893978665312,0.7177822444034486
7.981974283854167,0.5257828797746171,0.7175490136216348
7.987060546875,0.5904497152278461,0.7173170550408674
7.992146809895834,0.6580169819414541,0.7170864262144878
7.997233072916667,0.668653924754299,0.7168571834271643
8.0023193359375,0.7086205616257886,0.7166293823728704
8.007405598958334,0.7164030782635471,0.7164030782635471
8.012491861979168,0.7161783262310475,0.7161783262310475
8.017578125,0.7159551815931966,0.7159551815931966
8.022664388020834,0.7139569816104525,0.7157337037943856
8.027750651041668,0.6719820099853715,0.7155139540598243
8.0328369140625,0.6570339151824691,0.715295993596955
8.037923177083334,0.6056860374357693,0.7150798831779006
8.043009440104168,0.5511470407332332,0.7148656829921636
8.048095703125,0.5237527913664601,0.7146534521353078
8.053181966145834,0.4726765946543286,0.714443248065711
8.058268229166668,0.4488201173512947,0.7142351263327444
8.0633544921875,0.4632699554959094,0.7140291400681125
8.068440755208334,0.47079088512884454,0.7138253397493699
8.073527018229168,0.4482421175203163,0.7136237733464796
8.07861328125,0.454598224389422,0.7134244863990599
8.083699544270834,0.48952463607691626,0.7132275217929125
8.088785807291668,0.4635930539739942,0.7130329198255766
8.0938720703125,0.4897208285122519,0.7128407185575629
8.098958333333334,0.5287127656891151,0.7126509535549835
8.104044596354168,0.5400578979489794,0.7124636581527513
8.109130859375,0.4916731234014631,0.7122788638463973
8.114217122395834,0.4632167815925097,0.712096600407395
8.119303385416668,0.44331579115959296,0.7119168954011604
8.1243896484375,0.42577266133652314,0.7117397739043114
8.129475911458334,0.5122016835975662,0.7115652583074548
8.134562174479168,0.5804203815251443,0.7113933681415261
8.1396484375,0.5929467876074126,0.7112241209438255
8.144734700520834,0.5420631573340753,0.7110575329419231
8.149820963541668,0.5021231583000113,0.7108936191806158
8.1549072265625,0.48273034169559076,0.7107323930147564
8.159993489583334,0.488693643154371,0.710573865711494
8.165079752604168,0.5700073967698112,0.710418046257956
8.170166015625,0.610981613741922,0.7102649414224684
8.175252278645834,0.625004385430793,0.7101145565692502
8.180338541666668,0.5998937248821437,0.7099668960696868
8.1854248046875,0.5949139065074561,0.7098219634440625
8.190511067708334,0.5498956323624269,0.709679761111929
8.195597330729168,0.47874416698045785,0.7095402903437581
8.20068359375,0.45173160620110825,0.7094035508121797
8.205769856770834,0.5084213455481174,0.7092695398818621
8.210856119791668,0.5489916612071101,0.709138252340755
8.2159423828125,0.5803933241212935,0.7090096809683258
8.221028645833334,0.593507944480419,0.7088838169425766
8.226114908854168,0.5938511750195716,0.7087606501553456
8.231201171875,0.5780629447035122,0.7086401693447129
8.236287434895834,0.5320595075772534,0.7085223620996632
8.241373697916668,0.5341177374178993,0.7084072147034097
8.2464599609375,0.5436574476434377,0.7082947116745365
8.251546223958334,0.562729774996273,0.7081848357887333
8.256632486979168,0.5259075481981355,0.7080775681753171
8.26171875,0.48921960419501437,0.7079728885090544
8.266805013020834,0.44473457459842985,0.7078707746430113
8.271891276041668,0.5048011113771753,0.7077712022427207
8.2769775390625,0.5527608611440744,0.7076741443423544
8.282063802083334,0.5433403968047961,0.7075795719463829
8.287150065104168,0.5020832444697654,0.7074874545101435
8.292236328125,0.5247997640416857,0.7073977598465826
8.297322591145834,0.6009042570984819,0.707310453714604
8.302408854166668,0.6699983882642968,0.7072255000471315
8.3074951171875,0.7071428617130273,0.7071428617130273
8.312581380208334,0.6596736101325625,0.7070625012088825
8.317667643229168,0.6737346221325338,0.7069843811789684
8.32275390625,0.7069084637936687,0.7069084637936687
8.327840169270834,0.7068347108908684,0.7068347108908684
8.332926432291668,0.6696234146949841,0.7067630850686005
8.3380126953125,0.632073166199191,0.7066935523240898
8.343098958333334,0.662120419936624,0.7066260782831637
8.348185221354168,0.6852016178943392,0.7065606278254466
8.353271484375,0.6781065095210173,0.7064971653855057
8.358357747395834,0.6789336736673796,0.7064356551843183
8.363444010416668,0.6566635281307116,0.7063760611589553
8.3685302734375,0.6220440926446311,0.7063183469714677
8.373616536458334,0.640790944550347,0.7062624757867813
8.378702799479168,0.6544372476930708,0.7062084099270795
8.3837890625,0.6317043320882905,0.70615611105983
8.388875325520834,0.6411108699671026,0.7061055403347893
8.393961588541668,0.6694137924867153,0.7060566581571962
8.3990478515625,0.6555914627313346,0.7060094242823425
8.404134114583334,0.6390125149880452,0.7059637980990916
8.409220377604168,0.6573774114266014,0.705919738492127
8.414306640625,0.6828626281478236,0.7058772036766199
8.419392903645834,0.6939769029918397,0.7058361513823181
8.424479166666668,0.6497988059765347,0.7057965391088243
8.4295654296875,0.6478111062172334,0.7057583242371488
8.434651692708334,0.6585107931890274,0.7057214635883242
8.439737955729168,0.7056859134039115,0.7056859134039115
8.44482421875,0.684744880777178,0.7056516294533645
8.449910481770834,0.675646677245751,0.7056185690399066
8.454996744791668,0.683458716018754,0.7055866892576943
8.4600830078125,0.7055559469011645,0.7055559469011645
8.465169270833334,0.7055262985434751,0.7055262985434751
8.470255533854168,0.7054977035664629,0.7054977035664629
8.475341796875,0.7054701269215528,0.7054701269215528
8.480428059895834,0.7054435404357762,0.7054435404357762
8.485514322916668,0.6973809186626139,0.7054179216683124
8.4906005859375,0.6869714805809368,0.705393250028931
8.495686848958334,0.6634800015067635,0.7053695048470316
8.500773111979168,0.6303692503869017,0.7053466652677968
8.505859375,0.5639292524062225,0.7053247100175136
8.510945638020834,0.5216727691252777,0.7053036170726957
8.516031901041668,0.48162465452558517,0.7052833629959021
8.5211181640625,0.5075592053887001,0.7052639225133837
8.526204427083334,0.5654715055701657,0.705245268114804
8.531290690104168,0.5683319950935564,0.7052273703127803
8.536376953125,0.6095432591552616,0.7052101982221917
8.541463216145834,0.6695935421315912,0.7051937195889638
8.546549479166668,0.7051779012023529,0.7051779012023529
8.5516357421875,0.7051627094956131,0.7051627094956131
8.556722005208334,0.7051481141983467,0.7051481141983467
8.561808268229168,0.6858447511795218,0.7051340868249965
8.56689453125,0.6564417568556491,0.7051205999428403
8.571980794270834,0.6453081682080704,0.7051076259262623
8.577067057291668,0.6456821626643073,0.7050951366628587
8.5821533203125,0.7050831034422312,0.7050831034422312
8.587239583333334,0.7050714969598518,0.7050714969598518
8.592325846354168,0.7050602879348171,0.7050602879348171
8.597412109375,0.6345068445340751,0.7050494501029212
8.602498372395834,0.6356068435506235,0.7050389575580047
8.607584635416668,0.7050287836884821,0.7050287836884821
8.6126708984375,0.7050189011884469,0.7050189011884469
8.617757161458334,0.7050092831613741,0.7050092831613741
8.622843424479168,0.6913224681975085,0.7049999061234036
8.6279296875,0.7049907517870082,0.7049907517870082
8.633015950520834,0.6991493229979813,0.7049818017278869
8.638102213541668,0.7049730385085075,0.7049730385085075
8.6431884765625,0.6627044648689061,0.704964444633013
8.648274739583334,0.6860230107048759,0.7049560034684738
8.653361002604168,0.6612297869094925,0.7049476979593603
8.658447265625,0.6569466831759299,0.704939510860813
8.663533528645834,0.6490796564234083,0.7049314244907934
8.668619791666668,0.6900427930575355,0.7049234206873348
8.6737060546875,0.6910937424587305,0.7049154807299528
8.678792317708334,0.7049075857493567,0.7049075857493567
8.683878580729168,0.7048997167380391,0.7048997167380391
8.68896484375,0.7048918552223867,0.7048918552223867
8.694051106770834,0.7048839839967722,0.7048839839967722
8.699137369791668,0.7048760889388757,0.7048760889388757
8.7042236328125,0.6676658530456105,0.7048681583379475
8.709309895833334,0.6902166345466023,0.7048601809405608
8.714396158854168,0.704852145121266,0.704852145121266
8.719482421875,0.7048440391081783,0.7048440391081783
8.724568684895834,0.6658355778611693,0.7048358526695474
8.729654947916668,0.685187199831544,0.7048275757666782
8.7347412109375,0.6884149779009449,0.7048191979708723
8.739827473958334,0.6507716899384175,0.7048107086570283
8.744913736979168,0.6747329816851366,0.7048020970360023
8.75,0.7047933517782603,0.7047933517782603
8.755086263020834,0.7047844612535772,0.7047844612535772
8.760172526041668,0.6980317711675419,0.7047754145518044
8.7652587890625,0.6841117233151133,0.7047662049667138
8.770345052083334,0.6866145540075757,0.7047568257246418
8.775431315104168,0.704747269845379,0.704747269845379
8.780517578125,0.6491146373016707,0.704737530167294
8.785603841145834,0.658026338281718,0.7047276006847374
8.790690104166668,0.6588874431743055,0.7047174748358309
8.7957763671875,0.6977789982375076,0.7047071455916838
8.800862630208334,0.7046966054651047,0.7046966054651047
8.805948893229168,0.7046858468996212,0.7046858468996212
8.81103515625,0.704674862833242,0.704674862833242
8.816121419270834,0.7046636508167683,0.7046636508167683
8.821207682291668,0.7046522094629442,0.7046522094629442
8.8262939453125,0.7046405402547311,0.7046405402547311
8.831380208333334,0.699264744618027,0.70462864842772
8.836466471354168,0.704616543257913,0.704616543257913
8.841552734375,0.704604233967673,0.704604233967673
8.846638997395834,0.6937352881210332,0.7045917304138563
8.851725260416668,0.6766398018162821,0.7045790430454739
8.8568115234375,0.680413754812667,0.7045661822029732
8.861897786458334,0.6846704832201178,0.7045531579474088
8.866984049479168,0.6791927192146111,0.7045399800983113
8.8720703125,0.6713060513529436,0.7045266582763845
8.877156575520834,0.6997010090537562,0.7045132018488596
8.882242838541668,0.7044996198507617,0.7044996198507617
8.8873291015625,0.7044859212689941,0.7044859212689941
8.892415364583334,0.6629635670443736,0.7044721157452278
8.897501627604168,0.6601006890890674,0.7044582130425262
8.902587890625,0.6534880650170007,0.7044442225088666
8.907674153645834,0.6609602591834521,0.7044301530486514
8.912760416666668,0.6940632624143075,0.7044160130567215
8.9178466796875,0.6939021584285039,0.7044018104932188
8.922932942708334,0.663797889816504,0.7043875532147581
8.928019205729168,0.6427342551422038,0.7043732489729571
8.93310546875,0.6472251948060215,0.7043589051135372
8.938191731770834,0.6680113799684378,0.7043445283658298
8.943277994791668,0.6999799075553294,0.7043301248878293
8.9483642578125,0.6716934346125927,0.7043157004741984
8.953450520833334,0.6526069025365626,0.704301260876098
8.958536783854168,0.6411504057306576,0.7042868115184663
8.963623046875,0.6700275777449081,0.704272357309298
8.968709309895834,0.626830837372923,0.704257902525224
8.973795572916668,0.5994506182675579,0.7042434511004271
8.9788818359375,0.6174878496275926,0.7042290061948193
8.983968098958334,0.6426959745356828,0.7042145699203848
8.989054361979168,0.6153734871003544,0.7042001435216958
8.994140625,0.6518580131242828,0.7041857276281387
8.999226888020834,0.7025288375937473,0.7041713219808334
9.004313151041668,0.6925812525928177,0.7041569257976226
9.0093994140625,0.6484906869961213,0.7041425382799239
9.014485677083334,0.703498780410199,0.7041281585133988
9.019571940104168,0.6919353986660692,0.7041137850271899
9.024658203125,0.6687099022629261,0.704099416344146
9.029744466145834,0.6715930091322525,0.7040850508653318
9.034830729166668,0.7024425002858958,0.704070686637917
9.0399169921875,0.664738408561926,0.704056321384151
9.045003255208334,0.672004855499984,0.704041952810001
9.050089518229168,0.6868282457470517,0.7040275782282557
9.05517578125,0.7040131946313325,0.7040131946313325
9.060262044270834,0.7039987988396557,0.7039987988396557
9.065348307291668,0.7039843894188711,0.7039843894188711
9.0704345703125,0.7039699660007785,0.7039699660007785
9.075520833333334,0.6664633786961924,0.703955530279343
9.080607096354168,0.6477577528674033,0.7039410856037562
9.085693359375,0.6391265292079242,0.7039266349482886
9.090779622395834,0.6280914180503072,0.7039121807253771
9.095865885416668,0.610815070702163,0.703897724699458
9.1009521484375,0.6536885973305236,0.7038832678767597
9.106038411458334,0.6756919063671853,0.7038688103326842
9.111124674479168,0.66837887246181,0.7038543516406868
9.1162109375,0.6657794949252455,0.7038398910924536
9.121297200520834,0.7038254276249165,0.7038254276249165
9.126383463541668,0.7038109597944031,0.7038109597944031
9.1314697265625,0.7037964871715543,0.7037964871715543
9.136555989583334,0.662746783325608,0.7037820105050094
9.141642252604168,0.6669014044371463,0.7037675313831865
9.146728515625,0.6695934046426233,0.7037530509841513
9.151814778645834,0.6569577830043909,0.7037385701173082
